State,Year,Link
Alabama,1991,https://data.medicaid.gov/resource/nbst-zjwu.csv
Alaska,1991,https://data.medicaid.gov/resource/n4wt-n3pu.csv
Arizona,1991,https://data.medicaid.gov/resource/qrcn-2bbs.csv
Arkansas,1991,https://data.medicaid.gov/resource/59zz-eqia.csv
California,1991,https://data.medicaid.gov/resource/gh6r-dwyn.csv
Colorado,1991,https://data.medicaid.gov/resource/7gg8-u9xr.csv
Connecticut,1991,https://data.medicaid.gov/resource/pw5h-ziea.csv
Delaware,1991,https://data.medicaid.gov/resource/kwpm-kumf.csv
District of Columbia,1991,https://data.medicaid.gov/resource/w8wx-yu3r.csv
Florida,1991,https://data.medicaid.gov/resource/6bca-6e5s.csv
Georgia,1991,https://data.medicaid.gov/resource/pzxh-w6ba.csv
Hawaii,1991,https://data.medicaid.gov/resource/2m8a-zzxs.csv
Idaho,1991,https://data.medicaid.gov/resource/s7vx-vzw5.csv
Illinois,1991,https://data.medicaid.gov/resource/c538-27cu.csv
Indiana,1991,https://data.medicaid.gov/resource/mscc-zkwd.csv
Iowa,1991,https://data.medicaid.gov/resource/y9pq-vvri.csv
Kansas,1991,https://data.medicaid.gov/resource/ifdg-8qxy.csv
Kentucky,1991,https://data.medicaid.gov/resource/v95g-zj9y.csv
Louisiana,1991,https://data.medicaid.gov/resource/uh5s-ttix.csv
Maine,1991,https://data.medicaid.gov/resource/cmv4-bh94.csv
Maryland,1991,https://data.medicaid.gov/resource/7ebw-a2gy.csv
Massachusetts,1991,https://data.medicaid.gov/resource/haka-x93d.csv
Michigan,1991,https://data.medicaid.gov/resource/g9jc-kkw5.csv
Minnesota,1991,https://data.medicaid.gov/resource/k28b-qaec.csv
Mississippi,1991,https://data.medicaid.gov/resource/68uz-iadg.csv
Missouri,1991,https://data.medicaid.gov/resource/wkfq-wvve.csv
Montana,1991,https://data.medicaid.gov/resource/4m4x-tyts.csv
National Totals,1991,https://data.medicaid.gov/resource/whkk-byur.csv
Nebraska,1991,https://data.medicaid.gov/resource/2zve-ak9n.csv
Nevada,1991,https://data.medicaid.gov/resource/69mg-tfmu.csv
New Hampshire,1991,https://data.medicaid.gov/resource/bhp8-zqaf.csv
New Jersey,1991,https://data.medicaid.gov/resource/ipci-657j.csv
New Mexico,1991,https://data.medicaid.gov/resource/eii2-35wq.csv
New York,1991,https://data.medicaid.gov/resource/5wdu-kz59.csv
North Carolina,1991,https://data.medicaid.gov/resource/vaeb-gz3n.csv
North Dakota,1991,https://data.medicaid.gov/resource/t9u9-46jw.csv
Ohio,1991,https://data.medicaid.gov/resource/252b-gkac.csv
Oklahoma,1991,https://data.medicaid.gov/resource/bn2q-wx7m.csv
Oregon,1991,https://data.medicaid.gov/resource/jqwi-6qs4.csv
Pennsylvania,1991,https://data.medicaid.gov/resource/pgvm-nmsn.csv
Rhode Island,1991,https://data.medicaid.gov/resource/3q5y-wznp.csv
South Carolina,1991,https://data.medicaid.gov/resource/brez-g8gp.csv
South Dakota,1991,https://data.medicaid.gov/resource/9jbt-kkgy.csv
Tennessee,1991,https://data.medicaid.gov/resource/mq59-njuq.csv
Texas,1991,https://data.medicaid.gov/resource/i53u-vnev.csv
Utah,1991,https://data.medicaid.gov/resource/gvyq-nezz.csv
Vermont,1991,https://data.medicaid.gov/resource/dph3-87qk.csv
Virginia,1991,https://data.medicaid.gov/resource/dxyj-9pqe.csv
Washington,1991,https://data.medicaid.gov/resource/daya-bnnk.csv
West Virginia,1991,https://data.medicaid.gov/resource/5tuq-ynpq.csv
Wisconsin,1991,https://data.medicaid.gov/resource/498j-fqhq.csv
Wyoming,1991,https://data.medicaid.gov/resource/948w-dhvz.csv
Alabama,1992,https://data.medicaid.gov/resource/adkh-bb5c.csv
Alaska,1992,https://data.medicaid.gov/resource/ktrq-v9ud.csv
Arizona,1992,https://data.medicaid.gov/resource/rhbv-ia39.csv
Arkansas,1992,https://data.medicaid.gov/resource/u9iq-wxkp.csv
California,1992,https://data.medicaid.gov/resource/2kj3-3qua.csv
Colorado,1992,https://data.medicaid.gov/resource/6dre-2iqb.csv
Connecticut,1992,https://data.medicaid.gov/resource/3fru-jiyj.csv
Delaware,1992,https://data.medicaid.gov/resource/wqwc-279y.csv
District of Columbia,1992,https://data.medicaid.gov/resource/6cps-gwwc.csv
Florida,1992,https://data.medicaid.gov/resource/4ey2-mdrs.csv
Georgia,1992,https://data.medicaid.gov/resource/8jm5-cge6.csv
Hawaii,1992,https://data.medicaid.gov/resource/itxe-ma7q.csv
Idaho,1992,https://data.medicaid.gov/resource/v7hg-eqdx.csv
Illinois,1992,https://data.medicaid.gov/resource/x4ad-ykbe.csv
Indiana,1992,https://data.medicaid.gov/resource/yby9-93rj.csv
Iowa,1992,https://data.medicaid.gov/resource/vz72-eij9.csv
Kansas,1992,https://data.medicaid.gov/resource/t498-g9sp.csv
Kentucky,1992,https://data.medicaid.gov/resource/xhsf-n8ry.csv
Louisiana,1992,https://data.medicaid.gov/resource/uh7y-f4w5.csv
Maine,1992,https://data.medicaid.gov/resource/gyth-78sx.csv
Maryland,1992,https://data.medicaid.gov/resource/3322-pw4c.csv
Massachusetts,1992,https://data.medicaid.gov/resource/gciy-zeh9.csv
Michigan,1992,https://data.medicaid.gov/resource/6w4b-eegx.csv
Minnesota,1992,https://data.medicaid.gov/resource/a3eb-qsxe.csv
Mississippi,1992,https://data.medicaid.gov/resource/9f72-2m38.csv
Missouri,1992,https://data.medicaid.gov/resource/jenr-h548.csv
Montana,1992,https://data.medicaid.gov/resource/n7ez-udra.csv
National Totals,1992,https://data.medicaid.gov/resource/6t7b-stix.csv
Nebraska,1992,https://data.medicaid.gov/resource/u2vv-23tz.csv
Nevada,1992,https://data.medicaid.gov/resource/5k68-e6gd.csv
New Hampshire,1992,https://data.medicaid.gov/resource/7jg2-fvgb.csv
New Jersey,1992,https://data.medicaid.gov/resource/ibsm-wst9.csv
New Mexico,1992,https://data.medicaid.gov/resource/25cb-dyis.csv
New York,1992,https://data.medicaid.gov/resource/qm9z-w8b6.csv
North Carolina,1992,https://data.medicaid.gov/resource/53gu-7np3.csv
North Dakota,1992,https://data.medicaid.gov/resource/mzh6-6knu.csv
Ohio,1992,https://data.medicaid.gov/resource/fgpx-bn42.csv
Oklahoma,1992,https://data.medicaid.gov/resource/hwh2-xka7.csv
Oregon,1992,https://data.medicaid.gov/resource/yhn7-6975.csv
Pennsylvania,1992,https://data.medicaid.gov/resource/s2n9-pmzp.csv
Rhode Island,1992,https://data.medicaid.gov/resource/swny-8rsj.csv
South Carolina,1992,https://data.medicaid.gov/resource/anuj-qped.csv
South Dakota,1992,https://data.medicaid.gov/resource/qpvt-zry5.csv
Tennessee,1992,https://data.medicaid.gov/resource/niz8-4w5s.csv
Texas,1992,https://data.medicaid.gov/resource/i8yh-hgfy.csv
Utah,1992,https://data.medicaid.gov/resource/bg3s-wkk8.csv
Vermont,1992,https://data.medicaid.gov/resource/4axa-xa7s.csv
Virginia,1992,https://data.medicaid.gov/resource/jars-ancw.csv
Washington,1992,https://data.medicaid.gov/resource/hhr4-2k5n.csv
West Virginia,1992,https://data.medicaid.gov/resource/8ixj-y2ay.csv
Wisconsin,1992,https://data.medicaid.gov/resource/y82r-q93e.csv
Wyoming,1992,https://data.medicaid.gov/resource/yuu9-dbgg.csv
Alabama,1993,https://data.medicaid.gov/resource/a2ki-k9hp.csv
Alaska,1993,https://data.medicaid.gov/resource/ncuh-3zfd.csv
Arizona,1993,https://data.medicaid.gov/resource/fstd-sc48.csv
Arkansas,1993,https://data.medicaid.gov/resource/nw5c-m4yz.csv
California,1993,https://data.medicaid.gov/resource/794p-jvix.csv
Colorado,1993,https://data.medicaid.gov/resource/25ie-a79a.csv
Connecticut,1993,https://data.medicaid.gov/resource/3wj4-eezb.csv
Delaware,1993,https://data.medicaid.gov/resource/e3cx-nx8r.csv
District of Columbia,1993,https://data.medicaid.gov/resource/gw8d-eicd.csv
Florida,1993,https://data.medicaid.gov/resource/h3tp-3c9r.csv
Georgia,1993,https://data.medicaid.gov/resource/ditw-tjn5.csv
Hawaii,1993,https://data.medicaid.gov/resource/fci4-jhp8.csv
Idaho,1993,https://data.medicaid.gov/resource/idbq-e8cn.csv
Illinois,1993,https://data.medicaid.gov/resource/2vp2-5n8z.csv
Indiana,1993,https://data.medicaid.gov/resource/axzx-smzq.csv
Iowa,1993,https://data.medicaid.gov/resource/iuut-xkun.csv
Kansas,1993,https://data.medicaid.gov/resource/ftfj-irus.csv
Kentucky,1993,https://data.medicaid.gov/resource/y7sh-tx6y.csv
Louisiana,1993,https://data.medicaid.gov/resource/g66w-8pwz.csv
Maine,1993,https://data.medicaid.gov/resource/wfz7-h5g3.csv
Maryland,1993,https://data.medicaid.gov/resource/b6j8-wnk2.csv
Massachusetts,1993,https://data.medicaid.gov/resource/vw4c-krqi.csv
Michigan,1993,https://data.medicaid.gov/resource/54s5-858n.csv
Minnesota,1993,https://data.medicaid.gov/resource/httz-cadz.csv
Mississippi,1993,https://data.medicaid.gov/resource/mtda-mfvs.csv
Missouri,1993,https://data.medicaid.gov/resource/dc2w-mqdc.csv
Montana,1993,https://data.medicaid.gov/resource/ffdk-8qrz.csv
National Total,1993,https://data.medicaid.gov/resource/qfsj-dawx.csv
Nebraska,1993,https://data.medicaid.gov/resource/38gv-itvy.csv
Nevada,1993,https://data.medicaid.gov/resource/unun-9wer.csv
New Hampshire,1993,https://data.medicaid.gov/resource/842x-ds8t.csv
New Jersey,1993,https://data.medicaid.gov/resource/efi7-t7sb.csv
New Mexico,1993,https://data.medicaid.gov/resource/p9ze-tp72.csv
New York,1993,https://data.medicaid.gov/resource/xnaj-5bqx.csv
North Carolina,1993,https://data.medicaid.gov/resource/9npr-b927.csv
North Dakota,1993,https://data.medicaid.gov/resource/6v7n-y9wi.csv
Ohio,1993,https://data.medicaid.gov/resource/hwcn-qbcj.csv
Oklahoma,1993,https://data.medicaid.gov/resource/tbus-ur7y.csv
Oregon,1993,https://data.medicaid.gov/resource/4m8y-hgsd.csv
Pennsylvania,1993,https://data.medicaid.gov/resource/4ht6-rrgf.csv
Rhode Island,1993,https://data.medicaid.gov/resource/ysju-mwfp.csv
Rhode Island,1993,https://data.medicaid.gov/resource/drsk-ieqa.csv
South Carolina,1993,https://data.medicaid.gov/resource/bnt6-5ijm.csv
South Dakota,1993,https://data.medicaid.gov/resource/d6a4-273u.csv
Tennessee,1993,https://data.medicaid.gov/resource/dzyn-5vdj.csv
Texas,1993,https://data.medicaid.gov/resource/2ngs-etvu.csv
Utah,1993,https://data.medicaid.gov/resource/2t43-szrv.csv
Vermont,1993,https://data.medicaid.gov/resource/hx6w-mrku.csv
Virginia,1993,https://data.medicaid.gov/resource/3ibe-kftw.csv
Washington,1993,https://data.medicaid.gov/resource/twni-avah.csv
West Virginia,1993,https://data.medicaid.gov/resource/mi85-dug7.csv
Wisconsin,1993,https://data.medicaid.gov/resource/j2kx-jfq2.csv
Wyoming,1993,https://data.medicaid.gov/resource/7i75-yg3r.csv
Alabama,1994,https://data.medicaid.gov/resource/jbmv-qyyg.csv
Alaska,1994,https://data.medicaid.gov/resource/2dw3-82id.csv
Arizona,1994,https://data.medicaid.gov/resource/5ctm-ufzr.csv
Arkansas,1994,https://data.medicaid.gov/resource/uw8z-2eug.csv
California,1994,https://data.medicaid.gov/resource/dspc-9vg4.csv
Colorado,1994,https://data.medicaid.gov/resource/dnac-ns4w.csv
Connecticut,1994,https://data.medicaid.gov/resource/iaa2-f7ju.csv
Delaware,1994,https://data.medicaid.gov/resource/m8zm-yqd4.csv
District of Columbia,1994,https://data.medicaid.gov/resource/mabw-jci5.csv
Florida,1994,https://data.medicaid.gov/resource/be5k-v4np.csv
Georgia,1994,https://data.medicaid.gov/resource/tbjd-9p57.csv
Hawaii,1994,https://data.medicaid.gov/resource/3wvu-fey6.csv
Idaho,1994,https://data.medicaid.gov/resource/pe3z-824d.csv
Illinois,1994,https://data.medicaid.gov/resource/wiw6-df7z.csv
Indiana,1994,https://data.medicaid.gov/resource/xg5s-mvbp.csv
Iowa,1994,https://data.medicaid.gov/resource/n8gw-hs7m.csv
Kansas,1994,https://data.medicaid.gov/resource/d69w-9ek6.csv
Kentucky,1994,https://data.medicaid.gov/resource/qh5a-tnqa.csv
Louisiana,1994,https://data.medicaid.gov/resource/9e3e-hxca.csv
Maine,1994,https://data.medicaid.gov/resource/6zir-dw2j.csv
Maryland,1994,https://data.medicaid.gov/resource/r6tz-d95b.csv
Massachusetts,1994,https://data.medicaid.gov/resource/uxeh-8i43.csv
Michigan,1994,https://data.medicaid.gov/resource/yt6u-wvd2.csv
Minnesota,1994,https://data.medicaid.gov/resource/mmyh-zz6n.csv
Mississippi,1994,https://data.medicaid.gov/resource/9jy9-h5is.csv
Missouri,1994,https://data.medicaid.gov/resource/skbc-eu3j.csv
Montana,1994,https://data.medicaid.gov/resource/37vu-6y5f.csv
National Total,1994,https://data.medicaid.gov/resource/4eme-v2an.csv
Nebraska,1994,https://data.medicaid.gov/resource/ep7j-8x39.csv
Nevada,1994,https://data.medicaid.gov/resource/q67u-gx6f.csv
New Hampshire,1994,https://data.medicaid.gov/resource/2v44-b8kf.csv
New Jersey,1994,https://data.medicaid.gov/resource/bgyx-xy2q.csv
New Mexico,1994,https://data.medicaid.gov/resource/6n3d-cwik.csv
New York,1994,https://data.medicaid.gov/resource/uqsr-idrc.csv
North Carolina,1994,https://data.medicaid.gov/resource/6ta5-4xhe.csv
North Dakota,1994,https://data.medicaid.gov/resource/sudi-hzg6.csv
Ohio,1994,https://data.medicaid.gov/resource/3j3t-un69.csv
Oklahoma,1994,https://data.medicaid.gov/resource/58sk-k6nf.csv
Oregon,1994,https://data.medicaid.gov/resource/rzru-y6m2.csv
Pennsylvania,1994,https://data.medicaid.gov/resource/5ubg-cqaz.csv
Rhode Island,1994,https://data.medicaid.gov/resource/w4ir-uksd.csv
South Carolina,1994,https://data.medicaid.gov/resource/w6j7-xezb.csv
South Dakota,1994,https://data.medicaid.gov/resource/perx-4rsq.csv
Tennessee,1994,https://data.medicaid.gov/resource/d5xm-xp3r.csv
Texas,1994,https://data.medicaid.gov/resource/2525-ce59.csv
Utah,1994,https://data.medicaid.gov/resource/ckng-exzd.csv
Vermont,1994,https://data.medicaid.gov/resource/gfbx-asn2.csv
Virginia,1994,https://data.medicaid.gov/resource/2gfg-9e8h.csv
Washington,1994,https://data.medicaid.gov/resource/e6qt-nufc.csv
West Virginia,1994,https://data.medicaid.gov/resource/jcn9-h96q.csv
Wisconsin,1994,https://data.medicaid.gov/resource/tmfz-tmpc.csv
Wyoming,1994,https://data.medicaid.gov/resource/h3bf-dp2p.csv
Alabama,1995,https://data.medicaid.gov/resource/3dqw-kvfs.csv
Alaska,1995,https://data.medicaid.gov/resource/f9vj-etzx.csv
Arizona,1995,https://data.medicaid.gov/resource/mzru-33ws.csv
Arkansas,1995,https://data.medicaid.gov/resource/aniu-9bjc.csv
California,1995,https://data.medicaid.gov/resource/ye7f-upsz.csv
Colorado,1995,https://data.medicaid.gov/resource/7r78-xc56.csv
Connecticut,1995,https://data.medicaid.gov/resource/4ifd-3jeu.csv
Delaware,1995,https://data.medicaid.gov/resource/i2a9-xf55.csv
District of Columbia,1995,https://data.medicaid.gov/resource/rtqj-cf8x.csv
Florida,1995,https://data.medicaid.gov/resource/nvpv-u9sd.csv
Hawaii,1995,https://data.medicaid.gov/resource/waqj-zg2q.csv
Idaho,1995,https://data.medicaid.gov/resource/de8f-7zw6.csv
Illinois,1995,https://data.medicaid.gov/resource/fez3-mrhb.csv
Indiana,1995,https://data.medicaid.gov/resource/k2s2-75tn.csv
Iowa,1995,https://data.medicaid.gov/resource/rsza-ez9r.csv
Kansas,1995,https://data.medicaid.gov/resource/nb8p-rzaq.csv
Kentucky,1995,https://data.medicaid.gov/resource/wx6t-h926.csv
Louisiana,1995,https://data.medicaid.gov/resource/2rju-db4q.csv
Maine,1995,https://data.medicaid.gov/resource/a6nq-ze6j.csv
Maryland,1995,https://data.medicaid.gov/resource/u7kf-b522.csv
Massachusetts,1995,https://data.medicaid.gov/resource/92k3-me59.csv
Michigan,1995,https://data.medicaid.gov/resource/whg7-3rci.csv
Minnesota,1995,https://data.medicaid.gov/resource/g6hk-iw35.csv
Mississippi,1995,https://data.medicaid.gov/resource/ri3q-psye.csv
Missouri,1995,https://data.medicaid.gov/resource/gea3-dmju.csv
Montana,1995,https://data.medicaid.gov/resource/ii2q-5fpk.csv
National Total,1995,https://data.medicaid.gov/resource/8tbj-jmkr.csv
Nebraska,1995,https://data.medicaid.gov/resource/cbp6-aae3.csv
Nevada,1995,https://data.medicaid.gov/resource/ahpt-zyx2.csv
New Hampshire,1995,https://data.medicaid.gov/resource/idqm-hb4c.csv
New Jersey,1995,https://data.medicaid.gov/resource/fb7i-7nzj.csv
New Mexico,1995,https://data.medicaid.gov/resource/a8mq-5rtq.csv
New York,1995,https://data.medicaid.gov/resource/tibk-5zvz.csv
North Carolina,1995,https://data.medicaid.gov/resource/72tc-han3.csv
North Dakota,1995,https://data.medicaid.gov/resource/qfiw-cih8.csv
Ohio,1995,https://data.medicaid.gov/resource/jc89-ntx4.csv
Oklahoma,1995,https://data.medicaid.gov/resource/v33z-f3rh.csv
Oregon,1995,https://data.medicaid.gov/resource/pt6h-24yu.csv
Pennsylvania,1995,https://data.medicaid.gov/resource/ha9g-kryy.csv
Rhode Island,1995,https://data.medicaid.gov/resource/p2tc-a5ci.csv
South Carolina,1995,https://data.medicaid.gov/resource/eup6-rkfy.csv
South Dakota,1995,https://data.medicaid.gov/resource/2vvq-5ndt.csv
Tennessee,1995,https://data.medicaid.gov/resource/i9nr-ecui.csv
Texas,1995,https://data.medicaid.gov/resource/xqes-bick.csv
Utah,1995,https://data.medicaid.gov/resource/9yy5-fmwp.csv
Vermont,1995,https://data.medicaid.gov/resource/dddp-84sg.csv
Virginia,1995,https://data.medicaid.gov/resource/tfpx-wcca.csv
Washington,1995,https://data.medicaid.gov/resource/h2gz-ecav.csv
West Virginia,1995,https://data.medicaid.gov/resource/cdvx-8w98.csv
Wisconsin,1995,https://data.medicaid.gov/resource/55he-22x6.csv
Wyoming,1995,https://data.medicaid.gov/resource/38wx-xbcs.csv
Alabama,1996,https://data.medicaid.gov/resource/paac-t3qf.csv
Alaska,1996,https://data.medicaid.gov/resource/cbqf-fbk5.csv
Arizona,1996,https://data.medicaid.gov/resource/upni-fapj.csv
Arkansas,1996,https://data.medicaid.gov/resource/3vy7-gai4.csv
California,1996,https://data.medicaid.gov/resource/vq2c-hcjg.csv
Colorado,1996,https://data.medicaid.gov/resource/vxb2-ug5c.csv
Connecticut,1996,https://data.medicaid.gov/resource/3evd-qmes.csv
Delaware,1996,https://data.medicaid.gov/resource/kzjz-2yf9.csv
District of Columbia,1996,https://data.medicaid.gov/resource/jnd2-2p2x.csv
Florida,1996,https://data.medicaid.gov/resource/xu7d-9y4b.csv
Georgia,1996,https://data.medicaid.gov/resource/b4fd-mjuw.csv
Hawaii,1996,https://data.medicaid.gov/resource/3sgw-w3kq.csv
Idaho,1996,https://data.medicaid.gov/resource/j5z8-5ggc.csv
Illinois,1996,https://data.medicaid.gov/resource/ebuy-zbe5.csv
Indiana,1996,https://data.medicaid.gov/resource/863y-z5c9.csv
Iowa,1996,https://data.medicaid.gov/resource/v8vn-a75w.csv
Kansas,1996,https://data.medicaid.gov/resource/hm58-d795.csv
Kentucky,1996,https://data.medicaid.gov/resource/eu4t-ydz8.csv
Louisiana,1996,https://data.medicaid.gov/resource/ei5g-79gw.csv
Maine,1996,https://data.medicaid.gov/resource/ymvv-9byv.csv
Maryland,1996,https://data.medicaid.gov/resource/u96y-jzne.csv
Massachusetts,1996,https://data.medicaid.gov/resource/46yi-q88n.csv
Michigan,1996,https://data.medicaid.gov/resource/4qdw-67ui.csv
Minnesota,1996,https://data.medicaid.gov/resource/e666-zd8s.csv
Mississippi,1996,https://data.medicaid.gov/resource/8se2-fw4d.csv
Missouri,1996,https://data.medicaid.gov/resource/n25w-6ehu.csv
Montana,1996,https://data.medicaid.gov/resource/pkr9-hch2.csv
National Total,1996,https://data.medicaid.gov/resource/e2i5-v5wx.csv
Nebraska,1996,https://data.medicaid.gov/resource/wz3t-v26c.csv
Nevada,1996,https://data.medicaid.gov/resource/k2xs-np42.csv
New Hampshire,1996,https://data.medicaid.gov/resource/gh2d-7656.csv
New Jersey,1996,https://data.medicaid.gov/resource/sqpa-s2ig.csv
New Mexico,1996,https://data.medicaid.gov/resource/yjbx-bbz9.csv
New York,1996,https://data.medicaid.gov/resource/pkj5-q2ta.csv
North Carolina,1996,https://data.medicaid.gov/resource/szrw-pvq5.csv
North Dakota,1996,https://data.medicaid.gov/resource/kpkp-j2px.csv
Ohio,1996,https://data.medicaid.gov/resource/3wth-9vyj.csv
Oklahoma,1996,https://data.medicaid.gov/resource/wnuq-2929.csv
Oregon,1996,https://data.medicaid.gov/resource/gx3n-64iq.csv
Pennsylvania,1996,https://data.medicaid.gov/resource/7357-i9gh.csv
Rhode Island,1996,https://data.medicaid.gov/resource/fd78-7p54.csv
South Carolina,1996,https://data.medicaid.gov/resource/5pa5-vkn2.csv
South Dakota,1996,https://data.medicaid.gov/resource/4dbv-ry5t.csv
Tennessee,1996,https://data.medicaid.gov/resource/nk4g-qxdx.csv
Texas,1996,https://data.medicaid.gov/resource/ydkk-r92m.csv
Utah,1996,https://data.medicaid.gov/resource/6h4m-vms8.csv
Vermont,1996,https://data.medicaid.gov/resource/65xy-gsem.csv
Virginia,1996,https://data.medicaid.gov/resource/whba-sfp5.csv
Washington,1996,https://data.medicaid.gov/resource/4mnd-cuav.csv
West Virginia,1996,https://data.medicaid.gov/resource/kw4r-ttpv.csv
Wisconsin,1996,https://data.medicaid.gov/resource/8vn2-8sde.csv
Wyoming,1996,https://data.medicaid.gov/resource/6qtu-qq5q.csv
Alabama,1997,https://data.medicaid.gov/resource/tqxv-knmv.csv
Alaska,1997,https://data.medicaid.gov/resource/hg67-adah.csv
Arizona,1997,https://data.medicaid.gov/resource/7dw4-kckb.csv
Arkansas,1997,https://data.medicaid.gov/resource/vw44-78ag.csv
California,1997,https://data.medicaid.gov/resource/ceu3-sy7s.csv
Colorado,1997,https://data.medicaid.gov/resource/3jvg-ghn8.csv
Connecticut,1997,https://data.medicaid.gov/resource/c3mn-ck7a.csv
Delaware,1997,https://data.medicaid.gov/resource/bqj5-tic7.csv
District of Columbia,1997,https://data.medicaid.gov/resource/scwv-xpcg.csv
Florida,1997,https://data.medicaid.gov/resource/nq5w-ngqj.csv
Georgia,1997,https://data.medicaid.gov/resource/uaru-hhtm.csv
Hawaii,1997,https://data.medicaid.gov/resource/f693-pf8p.csv
Idaho,1997,https://data.medicaid.gov/resource/9nt3-pb7a.csv
Illinois,1997,https://data.medicaid.gov/resource/myj6-the4.csv
Indiana,1997,https://data.medicaid.gov/resource/e7xy-6b7j.csv
Iowa,1997,https://data.medicaid.gov/resource/gr4d-aw57.csv
Kansas,1997,https://data.medicaid.gov/resource/ebsx-8kk7.csv
Kentucky,1997,https://data.medicaid.gov/resource/cepc-pqcb.csv
Louisiana,1997,https://data.medicaid.gov/resource/dsr2-y28m.csv
Maine,1997,https://data.medicaid.gov/resource/qbx7-izyq.csv
Maryland,1997,https://data.medicaid.gov/resource/dh7m-spcq.csv
Massachusetts,1997,https://data.medicaid.gov/resource/maep-wimm.csv
Michigan,1997,https://data.medicaid.gov/resource/xfe5-tij2.csv
Minnesota,1997,https://data.medicaid.gov/resource/n9dt-cp8v.csv
Mississippi,1997,https://data.medicaid.gov/resource/qcbc-rvxm.csv
Missouri,1997,https://data.medicaid.gov/resource/gfec-gh9e.csv
Montana,1997,https://data.medicaid.gov/resource/hxka-qqs2.csv
National Total,1997,https://data.medicaid.gov/resource/rfan-ik8r.csv
Nebraska,1997,https://data.medicaid.gov/resource/75dk-w5g5.csv
Nevada,1997,https://data.medicaid.gov/resource/mgxw-9waa.csv
New Hampshire,1997,https://data.medicaid.gov/resource/cvwq-dqjq.csv
New Jersey,1997,https://data.medicaid.gov/resource/exeu-8mpf.csv
New Mexico,1997,https://data.medicaid.gov/resource/w2zc-dfhf.csv
New York,1997,https://data.medicaid.gov/resource/pyxw-n5km.csv
North Carolina,1997,https://data.medicaid.gov/resource/7urb-jcgc.csv
North Dakota,1997,https://data.medicaid.gov/resource/ihqk-wtr5.csv
Ohio,1997,https://data.medicaid.gov/resource/sjhw-7hjg.csv
Oklahoma,1997,https://data.medicaid.gov/resource/qfvv-bdmi.csv
Oregon,1997,https://data.medicaid.gov/resource/hiq8-9qp6.csv
Pennsylvania,1997,https://data.medicaid.gov/resource/qz6q-4c4v.csv
Rhode Island,1997,https://data.medicaid.gov/resource/k3n4-e2y3.csv
South Carolina,1997,https://data.medicaid.gov/resource/rd5p-6hrz.csv
South Dakota,1997,https://data.medicaid.gov/resource/jds3-9cuc.csv
Tennessee,1997,https://data.medicaid.gov/resource/2wmd-ivk5.csv
Texas,1997,https://data.medicaid.gov/resource/9y2u-a8j6.csv
Utah,1997,https://data.medicaid.gov/resource/w3mb-pbsg.csv
Vermont,1997,https://data.medicaid.gov/resource/hxbv-i8v2.csv
Virginia,1997,https://data.medicaid.gov/resource/jqh8-4dtt.csv
Washington,1997,https://data.medicaid.gov/resource/rdaa-p8a6.csv
West Virginia,1997,https://data.medicaid.gov/resource/tqab-syda.csv
Wisconsin,1997,https://data.medicaid.gov/resource/nn9z-zrcb.csv
Wyoming,1997,https://data.medicaid.gov/resource/txd8-xgng.csv
Alabama,1998,https://data.medicaid.gov/resource/x9uf-wb3j.csv
Alaska,1998,https://data.medicaid.gov/resource/wcru-b8ia.csv
Arizona,1998,https://data.medicaid.gov/resource/tjad-diau.csv
Arkansas,1998,https://data.medicaid.gov/resource/8nz9-eeg6.csv
California,1998,https://data.medicaid.gov/resource/s3q6-9em8.csv
Colorado,1998,https://data.medicaid.gov/resource/fsd3-ds28.csv
Connecticut,1998,https://data.medicaid.gov/resource/mw62-2kij.csv
Delaware,1998,https://data.medicaid.gov/resource/y4wt-yxhf.csv
District of Columbia,1998,https://data.medicaid.gov/resource/eta4-6fq9.csv
Florida,1998,https://data.medicaid.gov/resource/rskv-cn6q.csv
Georgia,1998,https://data.medicaid.gov/resource/srus-fhtj.csv
Hawaii,1998,https://data.medicaid.gov/resource/djev-gfuq.csv
Idaho,1998,https://data.medicaid.gov/resource/j32y-p2qq.csv
Illinois,1998,https://data.medicaid.gov/resource/6tg8-rdij.csv
Indiana,1998,https://data.medicaid.gov/resource/u2b6-4csp.csv
Iowa,1998,https://data.medicaid.gov/resource/gjka-d5bc.csv
Kansas,1998,https://data.medicaid.gov/resource/cfkv-iwzi.csv
Kentucky,1998,https://data.medicaid.gov/resource/6wsv-r9t4.csv
Louisiana,1998,https://data.medicaid.gov/resource/s776-ephz.csv
Maine,1998,https://data.medicaid.gov/resource/nbu3-sv8d.csv
Maryland,1998,https://data.medicaid.gov/resource/59i5-gc9y.csv
Massachusetts,1998,https://data.medicaid.gov/resource/2cys-55sr.csv
Michigan,1998,https://data.medicaid.gov/resource/fziy-kupf.csv
Minnesota,1998,https://data.medicaid.gov/resource/5gac-jsip.csv
Mississippi,1998,https://data.medicaid.gov/resource/xrin-cx57.csv
Missouri,1998,https://data.medicaid.gov/resource/kan9-3t2f.csv
Montana,1998,https://data.medicaid.gov/resource/im5a-qc3y.csv
National Total,1998,https://data.medicaid.gov/resource/94g5-7h59.csv
Nebraska,1998,https://data.medicaid.gov/resource/9rtx-e77q.csv
Nevada,1998,https://data.medicaid.gov/resource/avyq-prb6.csv
New Hampshire,1998,https://data.medicaid.gov/resource/86uw-ryds.csv
New Jersey,1998,https://data.medicaid.gov/resource/5g3v-jz7g.csv
New Mexico,1998,https://data.medicaid.gov/resource/2ian-i9v6.csv
New York,1998,https://data.medicaid.gov/resource/xbks-ec5n.csv
North Carolina,1998,https://data.medicaid.gov/resource/ec2h-kvna.csv
North Dakota,1998,https://data.medicaid.gov/resource/9ijs-bcsx.csv
Ohio,1998,https://data.medicaid.gov/resource/5ad7-cb8u.csv
Oklahoma,1998,https://data.medicaid.gov/resource/nsix-3jfq.csv
Oregon,1998,https://data.medicaid.gov/resource/4dgi-d59j.csv
Pennsylvania,1998,https://data.medicaid.gov/resource/ngcm-5tif.csv
Rhode Island,1998,https://data.medicaid.gov/resource/2u2d-8g4f.csv
South Carolina,1998,https://data.medicaid.gov/resource/c4sf-v53t.csv
South Dakota,1998,https://data.medicaid.gov/resource/fxit-fcq9.csv
Tennessee,1998,https://data.medicaid.gov/resource/95vr-jx34.csv
Texas,1998,https://data.medicaid.gov/resource/bf7u-2gu2.csv
Utah,1998,https://data.medicaid.gov/resource/udnf-eqtm.csv
Vermont,1998,https://data.medicaid.gov/resource/ufje-xci3.csv
Virginia,1998,https://data.medicaid.gov/resource/gkmu-3nd3.csv
Washington,1998,https://data.medicaid.gov/resource/8fhg-6hyw.csv
West Virginia,1998,https://data.medicaid.gov/resource/3g9e-yim3.csv
Wisconsin,1998,https://data.medicaid.gov/resource/nsn8-7uvj.csv
Wyoming,1998,https://data.medicaid.gov/resource/y8bt-m4c4.csv
Alabama,1999,https://data.medicaid.gov/resource/59um-tgi9.csv
Alaska,1999,https://data.medicaid.gov/resource/tjhs-kapx.csv
Arizona,1999,https://data.medicaid.gov/resource/iggf-zxu2.csv
Arkansas,1999,https://data.medicaid.gov/resource/gddc-rpgf.csv
California,1999,https://data.medicaid.gov/resource/hww9-fuem.csv
Colorado,1999,https://data.medicaid.gov/resource/kee6-i8ks.csv
Connecticut,1999,https://data.medicaid.gov/resource/2gqh-ewyj.csv
Delaware,1999,https://data.medicaid.gov/resource/wgxd-u4a8.csv
District of Columbia,1999,https://data.medicaid.gov/resource/wbpf-cpwg.csv
Florida,1999,https://data.medicaid.gov/resource/k9k9-qscj.csv
Georgia,1999,https://data.medicaid.gov/resource/368s-vn3u.csv
Hawaii,1999,https://data.medicaid.gov/resource/q3hc-3j5u.csv
Idaho,1999,https://data.medicaid.gov/resource/p667-2e6x.csv
Illinois,1999,https://data.medicaid.gov/resource/5vuc-wr4v.csv
Indiana,1999,https://data.medicaid.gov/resource/jeb8-sihw.csv
Iowa,1999,https://data.medicaid.gov/resource/bhhm-fzr7.csv
Kansas,1999,https://data.medicaid.gov/resource/6jth-acb8.csv
Kentucky,1999,https://data.medicaid.gov/resource/hz98-q7nh.csv
Maine,1999,https://data.medicaid.gov/resource/qe9f-gqn2.csv
Maryland,1999,https://data.medicaid.gov/resource/rb5m-t66a.csv
Massachusetts,1999,https://data.medicaid.gov/resource/6tpk-cree.csv
Michigan,1999,https://data.medicaid.gov/resource/nrhb-9v5w.csv
Minnesota,1999,https://data.medicaid.gov/resource/5y3e-cwcr.csv
Mississippi,1999,https://data.medicaid.gov/resource/j476-4qaf.csv
Missouri,1999,https://data.medicaid.gov/resource/y5na-xj5b.csv
Montana,1999,https://data.medicaid.gov/resource/78qw-6dh5.csv
National Total,1999,https://data.medicaid.gov/resource/hqjs-ze8n.csv
Nebraska,1999,https://data.medicaid.gov/resource/5nzg-28aw.csv
Nevada,1999,https://data.medicaid.gov/resource/tf2u-hsjt.csv
New Hampshire,1999,https://data.medicaid.gov/resource/xp87-t4h6.csv
New Jersey,1999,https://data.medicaid.gov/resource/75rk-xk2j.csv
New Mexico,1999,https://data.medicaid.gov/resource/i2nv-bdhn.csv
New York,1999,https://data.medicaid.gov/resource/r594-mrzb.csv
North Carolina,1999,https://data.medicaid.gov/resource/u6fi-fhqx.csv
North Dakota,1999,https://data.medicaid.gov/resource/4ka8-5x5k.csv
Ohio,1999,https://data.medicaid.gov/resource/5a4i-8zis.csv
Oklahoma,1999,https://data.medicaid.gov/resource/2sjp-vvwa.csv
Oregon,1999,https://data.medicaid.gov/resource/uvru-buh9.csv
Pennsylvania,1999,https://data.medicaid.gov/resource/g8d2-62ph.csv
Rhode Island,1999,https://data.medicaid.gov/resource/a4sh-66ss.csv
South Carolina,1999,https://data.medicaid.gov/resource/daq8-vp34.csv
South Dakota,1999,https://data.medicaid.gov/resource/ma7m-8m7i.csv
Tennessee,1999,https://data.medicaid.gov/resource/9sch-6nzs.csv
Texas,1999,https://data.medicaid.gov/resource/d74b-s3pu.csv
Utah,1999,https://data.medicaid.gov/resource/edpi-qtgw.csv
Vermont,1999,https://data.medicaid.gov/resource/re7h-79dp.csv
Virginia,1999,https://data.medicaid.gov/resource/j43a-92xc.csv
Washington,1999,https://data.medicaid.gov/resource/jgda-waqm.csv
West Virginia,1999,https://data.medicaid.gov/resource/hbt6-ku2w.csv
Wisconsin,1999,https://data.medicaid.gov/resource/gq78-k46b.csv
Wyoming,1999,https://data.medicaid.gov/resource/ec4y-jp47.csv
Alabama,2000,https://data.medicaid.gov/resource/fnw5-pqtc.csv
Alaska,2000,https://data.medicaid.gov/resource/ddiu-yiz7.csv
Arizona,2000,https://data.medicaid.gov/resource/7vfd-ruqg.csv
Arkansas,2000,https://data.medicaid.gov/resource/sdkb-b3ie.csv
California,2000,https://data.medicaid.gov/resource/84vn-zxh4.csv
Colorado,2000,https://data.medicaid.gov/resource/uykq-9him.csv
Connecticut,2000,https://data.medicaid.gov/resource/92s2-tqnz.csv
Delaware,2000,https://data.medicaid.gov/resource/y4pw-h37b.csv
District of Columbia,2000,https://data.medicaid.gov/resource/ggxy-6yht.csv
Florida,2000,https://data.medicaid.gov/resource/hjst-u3pv.csv
Georgia,2000,https://data.medicaid.gov/resource/n665-2f8p.csv
Hawaii,2000,https://data.medicaid.gov/resource/xu2i-v3py.csv
Idaho,2000,https://data.medicaid.gov/resource/ftq9-k7f2.csv
Illinois,2000,https://data.medicaid.gov/resource/634p-x7bi.csv
Indiana,2000,https://data.medicaid.gov/resource/xwu8-jig9.csv
Iowa,2000,https://data.medicaid.gov/resource/2x69-acxh.csv
Kansas,2000,https://data.medicaid.gov/resource/dgka-7mmx.csv
Kentucky,2000,https://data.medicaid.gov/resource/2jcp-q4tn.csv
Louisiana,2000,https://data.medicaid.gov/resource/ye4a-nam8.csv
Maine,2000,https://data.medicaid.gov/resource/f2vz-eqs3.csv
Maryland,2000,https://data.medicaid.gov/resource/64d6-n4uc.csv
Massachusetts,2000,https://data.medicaid.gov/resource/8nvu-cq26.csv
Michigan,2000,https://data.medicaid.gov/resource/w2kw-rgjr.csv
Minnesota,2000,https://data.medicaid.gov/resource/2nqt-cjix.csv
Mississippi,2000,https://data.medicaid.gov/resource/x2ik-8thg.csv
Missouri,2000,https://data.medicaid.gov/resource/aca9-x4z3.csv
Montana,2000,https://data.medicaid.gov/resource/sfev-epzg.csv
National Totals,2000,https://data.medicaid.gov/resource/q36s-yyyc.csv
Nebraska,2000,https://data.medicaid.gov/resource/6mpa-fqb9.csv
Nevada,2000,https://data.medicaid.gov/resource/egk7-88zy.csv
New Hampshire,2000,https://data.medicaid.gov/resource/5cd7-vw6w.csv
New Jersey,2000,https://data.medicaid.gov/resource/psah-2ijp.csv
New Mexico,2000,https://data.medicaid.gov/resource/4hbe-hgrq.csv
New York,2000,https://data.medicaid.gov/resource/eyma-fwbk.csv
North Carolina,2000,https://data.medicaid.gov/resource/8szv-bufg.csv
North Dakota,2000,https://data.medicaid.gov/resource/8kig-y2rr.csv
Ohio,2000,https://data.medicaid.gov/resource/2ywn-6bpf.csv
Oklahoma,2000,https://data.medicaid.gov/resource/pbqb-72k7.csv
Oregon,2000,https://data.medicaid.gov/resource/p38i-dykd.csv
Pennsylvania,2000,https://data.medicaid.gov/resource/bn94-9x2f.csv
Rhode Island,2000,https://data.medicaid.gov/resource/5b2i-xa7g.csv
South Carolina,2000,https://data.medicaid.gov/resource/d2r3-ef8e.csv
South Dakota,2000,https://data.medicaid.gov/resource/up2p-ezms.csv
Tennessee,2000,https://data.medicaid.gov/resource/vikp-fg7g.csv
Texas,2000,https://data.medicaid.gov/resource/mh5w-fepa.csv
Utah,2000,https://data.medicaid.gov/resource/ej26-fbmd.csv
Vermont,2000,https://data.medicaid.gov/resource/5zzj-tu37.csv
Virginia,2000,https://data.medicaid.gov/resource/mjhp-w9jy.csv
Washington,2000,https://data.medicaid.gov/resource/6w5j-z27v.csv
West Virginia,2000,https://data.medicaid.gov/resource/8mdh-p99c.csv
Wisconsin,2000,https://data.medicaid.gov/resource/ksb9-w9jd.csv
Wyoming,2000,https://data.medicaid.gov/resource/3f27-3ysq.csv
Alabama,2001,https://data.medicaid.gov/resource/dnpy-9xhs.csv
Alaska,2001,https://data.medicaid.gov/resource/iqav-gvex.csv
Arizona,2001,https://data.medicaid.gov/resource/ujiu-4uq4.csv
Arkansas,2001,https://data.medicaid.gov/resource/mnmq-6yd3.csv
California,2001,https://data.medicaid.gov/resource/k3x8-wa8w.csv
Colorado,2001,https://data.medicaid.gov/resource/isby-m7v5.csv
Connecticut,2001,https://data.medicaid.gov/resource/vmfu-xp4j.csv
Delaware,2001,https://data.medicaid.gov/resource/ksqc-ccbu.csv
District of Columbia,2001,https://data.medicaid.gov/resource/7eu2-fhyh.csv
Florida,2001,https://data.medicaid.gov/resource/qftq-n8wa.csv
Georgia,2001,https://data.medicaid.gov/resource/2aaq-m93u.csv
Hawaii,2001,https://data.medicaid.gov/resource/25x7-4iij.csv
Idaho,2001,https://data.medicaid.gov/resource/iw6r-bww8.csv
Illinois,2001,https://data.medicaid.gov/resource/93r3-u6e7.csv
Indiana,2001,https://data.medicaid.gov/resource/3ej5-ucjx.csv
Iowa,2001,https://data.medicaid.gov/resource/t5e6-irh2.csv
Kansas,2001,https://data.medicaid.gov/resource/48hb-qc5m.csv
Kentucky,2001,https://data.medicaid.gov/resource/xmtx-8kqy.csv
Louisiana,2001,https://data.medicaid.gov/resource/qkf7-xxzu.csv
Maine,2001,https://data.medicaid.gov/resource/fy5s-ispn.csv
Maryland,2001,https://data.medicaid.gov/resource/7a7m-ta5y.csv
Massachusetts,2001,https://data.medicaid.gov/resource/b3i8-7fn8.csv
Michigan,2001,https://data.medicaid.gov/resource/m39t-wx7a.csv
Minnesota,2001,https://data.medicaid.gov/resource/4kg4-skia.csv
Mississippi,2001,https://data.medicaid.gov/resource/ij68-7cst.csv
Missouri,2001,https://data.medicaid.gov/resource/c44g-n96z.csv
Montana,2001,https://data.medicaid.gov/resource/er7a-wb8b.csv
National Total,2001,https://data.medicaid.gov/resource/y54r-42xj.csv
Nebraska,2001,https://data.medicaid.gov/resource/7q9a-hnms.csv
Nevada,2001,https://data.medicaid.gov/resource/ietu-4sb9.csv
New Hampshire,2001,https://data.medicaid.gov/resource/kuvj-pby6.csv
New Jersey,2001,https://data.medicaid.gov/resource/e5ep-ark9.csv
New Mexico,2001,https://data.medicaid.gov/resource/ehfb-224y.csv
New York,2001,https://data.medicaid.gov/resource/h6tn-6nc5.csv
North Carolina,2001,https://data.medicaid.gov/resource/mqwe-mcb9.csv
North Dakota,2001,https://data.medicaid.gov/resource/dwvx-9fe3.csv
Ohio,2001,https://data.medicaid.gov/resource/eq2z-tay5.csv
Oklahoma,2001,https://data.medicaid.gov/resource/k5xr-khdp.csv
Oregon,2001,https://data.medicaid.gov/resource/gd64-itwv.csv
Pennsylvania,2001,https://data.medicaid.gov/resource/w8gg-qvuc.csv
Rhode Island,2001,https://data.medicaid.gov/resource/iiyz-yj84.csv
South Carolina,2001,https://data.medicaid.gov/resource/kdz7-d8a9.csv
South Dakota,2001,https://data.medicaid.gov/resource/5bz6-q477.csv
Tennessee,2001,https://data.medicaid.gov/resource/wpfx-xr3h.csv
Texas,2001,https://data.medicaid.gov/resource/tzuu-a92h.csv
Utah,2001,https://data.medicaid.gov/resource/jyym-exg7.csv
Vermont,2001,https://data.medicaid.gov/resource/ca63-spge.csv
Virginia,2001,https://data.medicaid.gov/resource/29yb-2mw6.csv
Washington,2001,https://data.medicaid.gov/resource/efh7-nsv3.csv
West Virginia,2001,https://data.medicaid.gov/resource/2rkr-7hkf.csv
Wisconsin,2001,https://data.medicaid.gov/resource/cv38-ipfk.csv
Wyoming,2001,https://data.medicaid.gov/resource/h5mw-ryq9.csv
Alabama,2002,https://data.medicaid.gov/resource/xjg8-r2m8.csv
Alaska,2002,https://data.medicaid.gov/resource/38ge-aguy.csv
Arizona,2002,https://data.medicaid.gov/resource/r8cu-5ic2.csv
Arkansas,2002,https://data.medicaid.gov/resource/ft7w-c82x.csv
California,2002,https://data.medicaid.gov/resource/b36c-m3kh.csv
Colorado,2002,https://data.medicaid.gov/resource/pdmp-we5a.csv
Connecticut,2002,https://data.medicaid.gov/resource/5h55-eqi8.csv
Delaware,2002,https://data.medicaid.gov/resource/qi7v-msvt.csv
District of Columbia,2002,https://data.medicaid.gov/resource/2yik-385w.csv
Florida,2002,https://data.medicaid.gov/resource/5rzv-4xzt.csv
Georgia,2002,https://data.medicaid.gov/resource/3xwq-z374.csv
Hawaii,2002,https://data.medicaid.gov/resource/uurn-yn3k.csv
Idaho,2002,https://data.medicaid.gov/resource/hwp8-8qfb.csv
Illinois,2002,https://data.medicaid.gov/resource/irxm-dbpw.csv
Indiana,2002,https://data.medicaid.gov/resource/kxrw-bm5w.csv
Iowa,2002,https://data.medicaid.gov/resource/5wuj-t9k3.csv
Kansas,2002,https://data.medicaid.gov/resource/edds-67pp.csv
Kentucky,2002,https://data.medicaid.gov/resource/mjrm-2fni.csv
Louisiana,2002,https://data.medicaid.gov/resource/skzx-bpmb.csv
Maine,2002,https://data.medicaid.gov/resource/dsqq-ax2v.csv
Maryland,2002,https://data.medicaid.gov/resource/e9t8-q4dm.csv
Massachusetts,2002,https://data.medicaid.gov/resource/4fye-qrfk.csv
Michigan,2002,https://data.medicaid.gov/resource/4srd-up4f.csv
Minnesota,2002,https://data.medicaid.gov/resource/uvwu-jjaj.csv
Mississippi,2002,https://data.medicaid.gov/resource/isud-92ba.csv
Missouri,2002,https://data.medicaid.gov/resource/ppq4-efen.csv
Montana,2002,https://data.medicaid.gov/resource/hfjz-ghvr.csv
National Totals,2002,https://data.medicaid.gov/resource/tfj6-rxvd.csv
Nebraska,2002,https://data.medicaid.gov/resource/rxtp-8s6i.csv
Nevada,2002,https://data.medicaid.gov/resource/2em2-rqij.csv
New Hampshire,2002,https://data.medicaid.gov/resource/vp96-ptrr.csv
New Jersey,2002,https://data.medicaid.gov/resource/g3eh-xjik.csv
New Mexico,2002,https://data.medicaid.gov/resource/t6y3-s3qf.csv
New York,2002,https://data.medicaid.gov/resource/f234-e8xt.csv
North Carolina,2002,https://data.medicaid.gov/resource/axkk-7rpx.csv
North Dakota,2002,https://data.medicaid.gov/resource/unct-qfzs.csv
Ohio,2002,https://data.medicaid.gov/resource/pd9n-mjpb.csv
Oklahoma,2002,https://data.medicaid.gov/resource/6zcv-3rwr.csv
Oregon,2002,https://data.medicaid.gov/resource/572r-cvkk.csv
Pennsylvania,2002,https://data.medicaid.gov/resource/49x6-7ewf.csv
Rhode Island,2002,https://data.medicaid.gov/resource/6f5g-azyy.csv
South Carolina,2002,https://data.medicaid.gov/resource/7atp-k3pc.csv
South Dakota,2002,https://data.medicaid.gov/resource/2rtw-zns2.csv
Tennessee,2002,https://data.medicaid.gov/resource/t2cm-7uen.csv
Texas,2002,https://data.medicaid.gov/resource/6adt-bt8q.csv
Utah,2002,https://data.medicaid.gov/resource/y44p-yant.csv
Vermont,2002,https://data.medicaid.gov/resource/bk9t-s3rs.csv
Virginia,2002,https://data.medicaid.gov/resource/iyd8-9xys.csv
Washington,2002,https://data.medicaid.gov/resource/2re9-angw.csv
West Virginia,2002,https://data.medicaid.gov/resource/xsb7-7jus.csv
Wisconsin,2002,https://data.medicaid.gov/resource/yiz9-pmwn.csv
Wyoming,2002,https://data.medicaid.gov/resource/tr7v-dtmr.csv
Alabama,2003,https://data.medicaid.gov/resource/qqtn-qm7v.csv
Alaska,2003,https://data.medicaid.gov/resource/4fz6-rgxh.csv
Arizona,2003,https://data.medicaid.gov/resource/9eap-p6yq.csv
Arkansas,2003,https://data.medicaid.gov/resource/y67t-7sdb.csv
California,2003,https://data.medicaid.gov/resource/s97j-udgy.csv
Colorado,2003,https://data.medicaid.gov/resource/vshn-mwi6.csv
Connecticut,2003,https://data.medicaid.gov/resource/t27m-hfnz.csv
Delaware,2003,https://data.medicaid.gov/resource/pk97-fxmn.csv
District of Columbia,2003,https://data.medicaid.gov/resource/mp9j-5duu.csv
Florida,2003,https://data.medicaid.gov/resource/6hn4-43b5.csv
Georgia,2003,https://data.medicaid.gov/resource/tync-yxqn.csv
Hawaii,2003,https://data.medicaid.gov/resource/cmak-jr3q.csv
Idaho,2003,https://data.medicaid.gov/resource/6ee4-f293.csv
Illinois,2003,https://data.medicaid.gov/resource/5bqb-nhz2.csv
Indiana,2003,https://data.medicaid.gov/resource/b8te-ckvw.csv
Iowa,2003,https://data.medicaid.gov/resource/ehah-cgp2.csv
Kansas,2003,https://data.medicaid.gov/resource/gv2c-t4ys.csv
Kentucky,2003,https://data.medicaid.gov/resource/gwce-ibty.csv
Louisiana,2003,https://data.medicaid.gov/resource/ccsu-imi4.csv
Maine,2003,https://data.medicaid.gov/resource/at4c-63fq.csv
Maryland,2003,https://data.medicaid.gov/resource/avr4-raku.csv
Massachusetts,2003,https://data.medicaid.gov/resource/epgt-rg22.csv
Michigan,2003,https://data.medicaid.gov/resource/wq88-wknn.csv
Minnesota,2003,https://data.medicaid.gov/resource/5pid-vify.csv
Mississippi,2003,https://data.medicaid.gov/resource/nckg-beyk.csv
Missouri,2003,https://data.medicaid.gov/resource/wvpn-9ikv.csv
Montana,2003,https://data.medicaid.gov/resource/vskx-anpv.csv
National Total,2003,https://data.medicaid.gov/resource/p972-zdbu.csv
Nebraska,2003,https://data.medicaid.gov/resource/vs52-qjwx.csv
Nevada,2003,https://data.medicaid.gov/resource/hfb8-v8ff.csv
New Hampshire,2003,https://data.medicaid.gov/resource/dxv6-2yrm.csv
New Jersey,2003,https://data.medicaid.gov/resource/a8yz-59yu.csv
New Mexico,2003,https://data.medicaid.gov/resource/xuvf-mtit.csv
New York,2003,https://data.medicaid.gov/resource/a5hc-sxbg.csv
North Carolina,2003,https://data.medicaid.gov/resource/vaaz-j8th.csv
North Dakota,2003,https://data.medicaid.gov/resource/qcxa-t6ht.csv
Ohio,2003,https://data.medicaid.gov/resource/up6r-dktz.csv
Oklahoma,2003,https://data.medicaid.gov/resource/yi6d-n2d3.csv
Oregon,2003,https://data.medicaid.gov/resource/4yvg-7kx3.csv
Pennsylvania,2003,https://data.medicaid.gov/resource/ucf2-jf7n.csv
Rhode Island,2003,https://data.medicaid.gov/resource/k28c-4jsp.csv
South Carolina,2003,https://data.medicaid.gov/resource/7fed-ydc7.csv
South Dakota,2003,https://data.medicaid.gov/resource/vedf-9s42.csv
Tennessee,2003,https://data.medicaid.gov/resource/7hy9-hdq4.csv
Texas,2003,https://data.medicaid.gov/resource/hkbx-kwvk.csv
Utah,2003,https://data.medicaid.gov/resource/7g8t-wfzi.csv
Vermont,2003,https://data.medicaid.gov/resource/9grm-texw.csv
Virginia,2003,https://data.medicaid.gov/resource/w54g-39yg.csv
Washington,2003,https://data.medicaid.gov/resource/qjih-8ntu.csv
West Virginia,2003,https://data.medicaid.gov/resource/q7dc-vg9k.csv
Wisconsin,2003,https://data.medicaid.gov/resource/ay38-kwpr.csv
Wyoming,2003,https://data.medicaid.gov/resource/m5gz-uznq.csv
Alabama,2004,https://data.medicaid.gov/resource/f3hx-bdss.csv
Alaska,2004,https://data.medicaid.gov/resource/rv8z-ugvb.csv
Arizona,2004,https://data.medicaid.gov/resource/36vc-8e9i.csv
Arkansas,2004,https://data.medicaid.gov/resource/b4j3-jnmb.csv
California,2004,https://data.medicaid.gov/resource/d52n-t8ry.csv
Colorado,2004,https://data.medicaid.gov/resource/yrmy-zm6e.csv
Connecticut,2004,https://data.medicaid.gov/resource/yjeu-jrfc.csv
Delaware,2004,https://data.medicaid.gov/resource/8epn-p7tz.csv
District of Columbia,2004,https://data.medicaid.gov/resource/nmx4-jtw6.csv
Florida,2004,https://data.medicaid.gov/resource/ydqm-vac7.csv
Georgia,2004,https://data.medicaid.gov/resource/dsei-4baq.csv
Hawaii,2004,https://data.medicaid.gov/resource/ni92-668t.csv
Idaho,2004,https://data.medicaid.gov/resource/ym48-eyun.csv
Illinois,2004,https://data.medicaid.gov/resource/xi3b-rqhf.csv
Indiana,2004,https://data.medicaid.gov/resource/wnwb-jjrk.csv
Iowa,2004,https://data.medicaid.gov/resource/ksbb-srmg.csv
Kansas,2004,https://data.medicaid.gov/resource/w8c7-7yg6.csv
Kentucky,2004,https://data.medicaid.gov/resource/ckyc-42mn.csv
Louisiana,2004,https://data.medicaid.gov/resource/vq5f-v5sv.csv
Maine,2004,https://data.medicaid.gov/resource/q4bn-bq63.csv
Maryland,2004,https://data.medicaid.gov/resource/bc5r-zcav.csv
Massachusetts,2004,https://data.medicaid.gov/resource/y853-an79.csv
Michigan,2004,https://data.medicaid.gov/resource/syhz-gy5b.csv
Minnesota,2004,https://data.medicaid.gov/resource/dyns-xspa.csv
Mississippi,2004,https://data.medicaid.gov/resource/pamr-gpcd.csv
Missouri,2004,https://data.medicaid.gov/resource/92gh-erev.csv
Montana,2004,https://data.medicaid.gov/resource/qssm-gb79.csv
National Totals,2004,https://data.medicaid.gov/resource/yvv8-qatj.csv
Nebraska,2004,https://data.medicaid.gov/resource/w4qj-gpgn.csv
Nevada,2004,https://data.medicaid.gov/resource/s4sk-p5dz.csv
New Hampshire,2004,https://data.medicaid.gov/resource/t4n6-323q.csv
New Jersey,2004,https://data.medicaid.gov/resource/qyna-9h95.csv
New Mexico,2004,https://data.medicaid.gov/resource/ejeq-35yv.csv
New York,2004,https://data.medicaid.gov/resource/b7w5-ruqu.csv
North Carolina,2004,https://data.medicaid.gov/resource/6m5b-tpgr.csv
North Dakota,2004,https://data.medicaid.gov/resource/7cjv-mtqf.csv
Ohio,2004,https://data.medicaid.gov/resource/ymvz-ryf4.csv
Oklahoma,2004,https://data.medicaid.gov/resource/bnry-xbb8.csv
Oregon,2004,https://data.medicaid.gov/resource/34yk-d8z7.csv
Pennsylvania,2004,https://data.medicaid.gov/resource/ssbc-cs9b.csv
Rhode Island,2004,https://data.medicaid.gov/resource/mt7v-agbs.csv
South Carolina,2004,https://data.medicaid.gov/resource/gdvc-yrig.csv
South Dakota,2004,https://data.medicaid.gov/resource/y9rp-xdg5.csv
Tennessee,2004,https://data.medicaid.gov/resource/awny-zjar.csv
Texas,2004,https://data.medicaid.gov/resource/byqc-2wv2.csv
Utah,2004,https://data.medicaid.gov/resource/qhyy-ez9f.csv
Vermont,2004,https://data.medicaid.gov/resource/ump3-8bn4.csv
Virginia,2004,https://data.medicaid.gov/resource/944j-txgn.csv
Washington,2004,https://data.medicaid.gov/resource/e6rq-3aqi.csv
West Virginia,2004,https://data.medicaid.gov/resource/xag7-3cu8.csv
Wisconsin,2004,https://data.medicaid.gov/resource/vwjr-94z5.csv
Wyoming,2004,https://data.medicaid.gov/resource/m5e6-rkjn.csv
Alabama,2005,https://data.medicaid.gov/resource/b8p8-484k.csv
Alaska,2005,https://data.medicaid.gov/resource/r4dg-veys.csv
Arizona,2005,https://data.medicaid.gov/resource/h4by-iymk.csv
Arkansas,2005,https://data.medicaid.gov/resource/tbwd-awu3.csv
California,2005,https://data.medicaid.gov/resource/dk9u-mpuf.csv
Colorado,2005,https://data.medicaid.gov/resource/dvxi-gx4d.csv
Connecticut,2005,https://data.medicaid.gov/resource/thta-maud.csv
Delaware,2005,https://data.medicaid.gov/resource/22pj-wzj5.csv
District of Columbia,2005,https://data.medicaid.gov/resource/atxm-7ygv.csv
Florida,2005,https://data.medicaid.gov/resource/wv8m-dh7b.csv
Georgia,2005,https://data.medicaid.gov/resource/k3tx-gcvb.csv
Hawaii,2005,https://data.medicaid.gov/resource/gvay-cyuc.csv
Idaho,2005,https://data.medicaid.gov/resource/6vre-3kum.csv
Illinois,2005,https://data.medicaid.gov/resource/8r4h-w4zy.csv
Indiana,2005,https://data.medicaid.gov/resource/vcfc-45n9.csv
Iowa,2005,https://data.medicaid.gov/resource/m9id-vx53.csv
Kansas,2005,https://data.medicaid.gov/resource/qzmp-csxh.csv
Kentucky,2005,https://data.medicaid.gov/resource/3sr8-zht7.csv
Louisiana,2005,https://data.medicaid.gov/resource/rai4-sm7a.csv
Maine,2005,https://data.medicaid.gov/resource/rjc5-tzaj.csv
Maryland,2005,https://data.medicaid.gov/resource/83ux-8wf5.csv
Massachusetts,2005,https://data.medicaid.gov/resource/rm8z-79f2.csv
Michigan,2005,https://data.medicaid.gov/resource/fsqu-gzdc.csv
Minnesota,2005,https://data.medicaid.gov/resource/jn9n-697d.csv
Mississippi,2005,https://data.medicaid.gov/resource/jyxn-vy3m.csv
Missouri,2005,https://data.medicaid.gov/resource/rwqp-dnpt.csv
Montana,2005,https://data.medicaid.gov/resource/idsn-e8sx.csv
National Total,2005,https://data.medicaid.gov/resource/ivd3-x5gp.csv
Nebraska,2005,https://data.medicaid.gov/resource/2jjq-n9ty.csv
Nevada,2005,https://data.medicaid.gov/resource/pbyb-mqmz.csv
New Hampshire,2005,https://data.medicaid.gov/resource/bb9n-vj2z.csv
New Jersey,2005,https://data.medicaid.gov/resource/yqnh-xnyj.csv
New Mexico,2005,https://data.medicaid.gov/resource/jnge-ueek.csv
New York,2005,https://data.medicaid.gov/resource/ryen-xf5v.csv
North Carolina,2005,https://data.medicaid.gov/resource/saay-risc.csv
North Dakota,2005,https://data.medicaid.gov/resource/f82a-dinj.csv
Ohio,2005,https://data.medicaid.gov/resource/v3gg-vt87.csv
Oklahoma,2005,https://data.medicaid.gov/resource/atrb-wupy.csv
Oregon,2005,https://data.medicaid.gov/resource/shw9-9e7r.csv
Pennsylvania,2005,https://data.medicaid.gov/resource/c6jg-w25s.csv
Rhode Island,2005,https://data.medicaid.gov/resource/qu65-gxgf.csv
South Carolina,2005,https://data.medicaid.gov/resource/euie-taej.csv
South Dakota,2005,https://data.medicaid.gov/resource/nwnm-p9bz.csv
Tennessee,2005,https://data.medicaid.gov/resource/7rgf-bcyd.csv
Texas,2005,https://data.medicaid.gov/resource/r8t5-2swt.csv
Utah,2005,https://data.medicaid.gov/resource/2a54-8s68.csv
Vermont,2005,https://data.medicaid.gov/resource/9jpz-ey7m.csv
Virginia,2005,https://data.medicaid.gov/resource/88vw-8ea6.csv
Washington,2005,https://data.medicaid.gov/resource/u8xz-6jzn.csv
West Virginia,2005,https://data.medicaid.gov/resource/q6ji-znkc.csv
Wisconsin,2005,https://data.medicaid.gov/resource/uks4-rauz.csv
Wyoming,2005,https://data.medicaid.gov/resource/iya5-g2zs.csv
Alabama,2006,https://data.medicaid.gov/resource/gpnj-f594.csv
Alaska,2006,https://data.medicaid.gov/resource/7yrz-pgky.csv
Arizona,2006,https://data.medicaid.gov/resource/gkse-xpdu.csv
Arkansas,2006,https://data.medicaid.gov/resource/2sd8-ezgc.csv
California,2006,https://data.medicaid.gov/resource/iw3m-qgsk.csv
Colorado,2006,https://data.medicaid.gov/resource/sa4h-zt2j.csv
Connecticut,2006,https://data.medicaid.gov/resource/fwqq-22yj.csv
Delaware,2006,https://data.medicaid.gov/resource/ifpe-53aw.csv
District of Columbia,2006,https://data.medicaid.gov/resource/7m3c-cf5r.csv
Florida,2006,https://data.medicaid.gov/resource/wiyd-tw27.csv
Georgia,2006,https://data.medicaid.gov/resource/33j3-why5.csv
Hawaii,2006,https://data.medicaid.gov/resource/5a8t-cc42.csv
Idaho,2006,https://data.medicaid.gov/resource/9shh-c3es.csv
Illinois,2006,https://data.medicaid.gov/resource/qgn6-72az.csv
Indiana,2006,https://data.medicaid.gov/resource/9edb-kwuj.csv
Iowa,2006,https://data.medicaid.gov/resource/b8sr-frn5.csv
Kansas,2006,https://data.medicaid.gov/resource/eid6-57e9.csv
Kentucky,2006,https://data.medicaid.gov/resource/62ah-iqmw.csv
Louisiana,2006,https://data.medicaid.gov/resource/4iyd-dgfv.csv
Maine,2006,https://data.medicaid.gov/resource/xemz-wc43.csv
Maryland,2006,https://data.medicaid.gov/resource/kszj-t763.csv
Massachusetts,2006,https://data.medicaid.gov/resource/4hka-uc6g.csv
Michigan,2006,https://data.medicaid.gov/resource/df8a-ei4y.csv
Minnesota,2006,https://data.medicaid.gov/resource/hgfv-9ix2.csv
Mississippi,2006,https://data.medicaid.gov/resource/vt2h-dhbz.csv
Missouri,2006,https://data.medicaid.gov/resource/3iyg-asuf.csv
Montana,2006,https://data.medicaid.gov/resource/mamg-mh7p.csv
National Total,2006,https://data.medicaid.gov/resource/qcfy-p7gg.csv
Nebraska,2006,https://data.medicaid.gov/resource/rkgy-ig3e.csv
Nevada,2006,https://data.medicaid.gov/resource/w2j5-cgqb.csv
New Hampshire,2006,https://data.medicaid.gov/resource/9cej-zqmg.csv
New Jersey,2006,https://data.medicaid.gov/resource/vrrk-ddyk.csv
New Mexico,2006,https://data.medicaid.gov/resource/r32f-i3bs.csv
New York,2006,https://data.medicaid.gov/resource/ve8i-7dni.csv
North Carolina,2006,https://data.medicaid.gov/resource/qkyr-k9pz.csv
North Dakota,2006,https://data.medicaid.gov/resource/rurp-nfr7.csv
Ohio,2006,https://data.medicaid.gov/resource/wxrp-8ds6.csv
Oklahoma,2006,https://data.medicaid.gov/resource/pibs-r4c9.csv
Oregon,2006,https://data.medicaid.gov/resource/vfc3-ruyf.csv
Pennsylvania,2006,https://data.medicaid.gov/resource/jr93-4fea.csv
Rhode Island,2006,https://data.medicaid.gov/resource/hkzt-efbn.csv
South Carolina,2006,https://data.medicaid.gov/resource/y7w6-487j.csv
South Dakota,2006,https://data.medicaid.gov/resource/jq8t-uekh.csv
Tennessee,2006,https://data.medicaid.gov/resource/5t33-bzds.csv
Texas,2006,https://data.medicaid.gov/resource/hnfn-h6zh.csv
Utah,2006,https://data.medicaid.gov/resource/6rkw-w5nv.csv
Vermont,2006,https://data.medicaid.gov/resource/xgvg-gjra.csv
Virginia,2006,https://data.medicaid.gov/resource/yhe8-h8zx.csv
Washington,2006,https://data.medicaid.gov/resource/rerp-u45d.csv
West Virginia,2006,https://data.medicaid.gov/resource/2gny-hpuk.csv
Wisconsin,2006,https://data.medicaid.gov/resource/tpyx-tsum.csv
Wyoming,2006,https://data.medicaid.gov/resource/kewa-3x74.csv
Alabama,2007,https://data.medicaid.gov/resource/buga-gh9h.csv
Alaska,2007,https://data.medicaid.gov/resource/58sh-j4p4.csv
Arizona,2007,https://data.medicaid.gov/resource/fr97-pn5a.csv
Arkansas,2007,https://data.medicaid.gov/resource/29a8-6fgt.csv
California,2007,https://data.medicaid.gov/resource/a65s-r69k.csv
Colorado,2007,https://data.medicaid.gov/resource/v4ze-efxc.csv
Connecticut,2007,https://data.medicaid.gov/resource/7g5e-bagc.csv
Delaware,2007,https://data.medicaid.gov/resource/8q6s-wud3.csv
District of Columbia,2007,https://data.medicaid.gov/resource/cxnw-muew.csv
Florida,2007,https://data.medicaid.gov/resource/9zat-syap.csv
Georgia,2007,https://data.medicaid.gov/resource/bvj6-e2ub.csv
Hawaii,2007,https://data.medicaid.gov/resource/jnvw-xqz5.csv
Idaho,2007,https://data.medicaid.gov/resource/uuz8-8b4j.csv
Illinois,2007,https://data.medicaid.gov/resource/9wru-855q.csv
Indiana,2007,https://data.medicaid.gov/resource/895e-rk9t.csv
Iowa,2007,https://data.medicaid.gov/resource/rhp4-ksaq.csv
Kansas,2007,https://data.medicaid.gov/resource/mbpc-6vfe.csv
Kentucky,2007,https://data.medicaid.gov/resource/kb7f-i2z9.csv
Louisiana,2007,https://data.medicaid.gov/resource/wx2u-3qjv.csv
Maine,2007,https://data.medicaid.gov/resource/qa34-xs3r.csv
Maryland,2007,https://data.medicaid.gov/resource/y79q-5gr2.csv
Massachusetts,2007,https://data.medicaid.gov/resource/2htt-qcnn.csv
Michigan,2007,https://data.medicaid.gov/resource/ynd8-47g8.csv
Minnesota,2007,https://data.medicaid.gov/resource/5knk-uy5t.csv
Mississippi,2007,https://data.medicaid.gov/resource/rhg8-hiag.csv
Missouri,2007,https://data.medicaid.gov/resource/5is3-k6bg.csv
Montana,2007,https://data.medicaid.gov/resource/abd8-vayh.csv
National Total,2007,https://data.medicaid.gov/resource/evhf-webn.csv
Nebraska,2007,https://data.medicaid.gov/resource/9xe8-aq8k.csv
Nevada,2007,https://data.medicaid.gov/resource/k8uj-c67w.csv
New Hampshire,2007,https://data.medicaid.gov/resource/3utu-96sh.csv
New Jersey,2007,https://data.medicaid.gov/resource/k52f-2bst.csv
New Mexico,2007,https://data.medicaid.gov/resource/hd4b-nhft.csv
New York,2007,https://data.medicaid.gov/resource/7ke4-w5dr.csv
North Carolina,2007,https://data.medicaid.gov/resource/s87e-fhqu.csv
North Dakota,2007,https://data.medicaid.gov/resource/xq7t-znb2.csv
Ohio,2007,https://data.medicaid.gov/resource/qrpx-kd8u.csv
Oklahoma,2007,https://data.medicaid.gov/resource/fj6k-hmv3.csv
Oregon,2007,https://data.medicaid.gov/resource/k5fi-5nkk.csv
Pennsylvania,2007,https://data.medicaid.gov/resource/w23j-dzq9.csv
Rhode Island,2007,https://data.medicaid.gov/resource/tw4s-jnfj.csv
South Carolina,2007,https://data.medicaid.gov/resource/hbm9-8387.csv
South Dakota,2007,https://data.medicaid.gov/resource/n9yh-fcfc.csv
Tennessee,2007,https://data.medicaid.gov/resource/uis7-entp.csv
Texas,2007,https://data.medicaid.gov/resource/gwh5-qz6a.csv
Utah,2007,https://data.medicaid.gov/resource/3jrg-kviq.csv
Vermont,2007,https://data.medicaid.gov/resource/4mfb-e4gz.csv
Virginia,2007,https://data.medicaid.gov/resource/nr4u-hqju.csv
Washington,2007,https://data.medicaid.gov/resource/ui8j-mvpz.csv
West Virginia,2007,https://data.medicaid.gov/resource/f8xx-cncq.csv
Wisconsin,2007,https://data.medicaid.gov/resource/r2cj-5pjv.csv
Wyoming,2007,https://data.medicaid.gov/resource/3sfv-i7fc.csv
Alabama,2008,https://data.medicaid.gov/resource/fzsx-pevg.csv
Alaska,2008,https://data.medicaid.gov/resource/wp2p-g6ai.csv
Arizona,2008,https://data.medicaid.gov/resource/7g9c-f52f.csv
Arkansas,2008,https://data.medicaid.gov/resource/4idn-73pa.csv
California,2008,https://data.medicaid.gov/resource/xyh3-bha6.csv
Colorado,2008,https://data.medicaid.gov/resource/5hcu-gmxa.csv
Connecticut,2008,https://data.medicaid.gov/resource/bzie-zi2d.csv
Delaware,2008,https://data.medicaid.gov/resource/bu3u-aea3.csv
District of Columbia,2008,https://data.medicaid.gov/resource/5ceu-hi3q.csv
Florida,2008,https://data.medicaid.gov/resource/7ig4-63fg.csv
Georgia,2008,https://data.medicaid.gov/resource/ucry-5t42.csv
Hawaii,2008,https://data.medicaid.gov/resource/nsud-6s9n.csv
Idaho,2008,https://data.medicaid.gov/resource/9csx-qqjh.csv
Illinois,2008,https://data.medicaid.gov/resource/k6ee-sihc.csv
Indiana,2008,https://data.medicaid.gov/resource/3kqw-da2b.csv
Iowa,2008,https://data.medicaid.gov/resource/24s7-j5j5.csv
Kansas,2008,https://data.medicaid.gov/resource/3ct7-m4w7.csv
Kentucky,2008,https://data.medicaid.gov/resource/jed2-hp2v.csv
Louisiana,2008,https://data.medicaid.gov/resource/e283-pknf.csv
Maine,2008,https://data.medicaid.gov/resource/cpza-eqwv.csv
Maryland,2008,https://data.medicaid.gov/resource/8as9-pfn4.csv
Massachusetts,2008,https://data.medicaid.gov/resource/iszc-4m94.csv
Michigan,2008,https://data.medicaid.gov/resource/2xrr-g9vs.csv
Minnesota,2008,https://data.medicaid.gov/resource/kg6a-vrfd.csv
Mississippi,2008,https://data.medicaid.gov/resource/495z-eu56.csv
Missouri,2008,https://data.medicaid.gov/resource/jw4c-fg8y.csv
Montana,2008,https://data.medicaid.gov/resource/tvki-6bea.csv
National Total,2008,https://data.medicaid.gov/resource/bzcm-rrj6.csv
Nebraska,2008,https://data.medicaid.gov/resource/29qz-bhua.csv
Nevada,2008,https://data.medicaid.gov/resource/tenh-5qv5.csv
New Hampshire,2008,https://data.medicaid.gov/resource/vkqr-zaba.csv
New Jersey,2008,https://data.medicaid.gov/resource/yd8f-5ux5.csv
New Mexico,2008,https://data.medicaid.gov/resource/nkj9-fzym.csv
New York,2008,https://data.medicaid.gov/resource/f6n8-vx3k.csv
North Carolina,2008,https://data.medicaid.gov/resource/9ptj-ucee.csv
North Dakota,2008,https://data.medicaid.gov/resource/d3rr-7ze6.csv
Ohio,2008,https://data.medicaid.gov/resource/h6z9-gty9.csv
Oklahoma,2008,https://data.medicaid.gov/resource/iuta-yrz8.csv
Oregon,2008,https://data.medicaid.gov/resource/a9uc-e3qz.csv
Pennsylvania,2008,https://data.medicaid.gov/resource/kxx7-dnuq.csv
Rhode Island,2008,https://data.medicaid.gov/resource/ai3p-q5rh.csv
South Carolina,2008,https://data.medicaid.gov/resource/6hfx-r2kz.csv
South Dakota,2008,https://data.medicaid.gov/resource/ntaf-65be.csv
Tennessee,2008,https://data.medicaid.gov/resource/rfpf-ibq3.csv
Texas,2008,https://data.medicaid.gov/resource/ni8r-7xgw.csv
Utah,2008,https://data.medicaid.gov/resource/asgq-ayjw.csv
Vermont,2008,https://data.medicaid.gov/resource/2rvj-r2a7.csv
Virginia,2008,https://data.medicaid.gov/resource/bpg2-jidd.csv
Washington,2008,https://data.medicaid.gov/resource/n5re-fgw8.csv
West Virginia,2008,https://data.medicaid.gov/resource/nddr-6u8h.csv
Wisconsin,2008,https://data.medicaid.gov/resource/r47h-v6av.csv
Wyoming,2008,https://data.medicaid.gov/resource/5fsz-uhbt.csv
Alabama,2009,https://data.medicaid.gov/resource/pkad-k962.csv
Alaska,2009,https://data.medicaid.gov/resource/bdar-996p.csv
Arizona,2009,https://data.medicaid.gov/resource/3brt-8mnu.csv
Arkansas,2009,https://data.medicaid.gov/resource/9ym8-v8gm.csv
California,2009,https://data.medicaid.gov/resource/vuaj-5uam.csv
Colorado,2009,https://data.medicaid.gov/resource/72ky-gys2.csv
Connecticut,2009,https://data.medicaid.gov/resource/k23h-rdtd.csv
Delaware,2009,https://data.medicaid.gov/resource/ke4h-v9f8.csv
District of Columbia,2009,https://data.medicaid.gov/resource/nazt-x32k.csv
Florida,2009,https://data.medicaid.gov/resource/fdj9-6p87.csv
Georgia,2009,https://data.medicaid.gov/resource/giz8-29m9.csv
Hawaii,2009,https://data.medicaid.gov/resource/g67p-earq.csv
Idaho,2009,https://data.medicaid.gov/resource/4zma-f85h.csv
Illinois,2009,https://data.medicaid.gov/resource/q3e3-u7cp.csv
Indiana,2009,https://data.medicaid.gov/resource/b7b9-v95f.csv
Iowa,2009,https://data.medicaid.gov/resource/2uv9-wvei.csv
Kansas,2009,https://data.medicaid.gov/resource/8h4m-5yph.csv
Kentucky,2009,https://data.medicaid.gov/resource/6gfc-m4u2.csv
Louisiana,2009,https://data.medicaid.gov/resource/xsbu-y3s3.csv
Maine,2009,https://data.medicaid.gov/resource/mi54-9zzg.csv
Maryland,2009,https://data.medicaid.gov/resource/h834-5vax.csv
Massachusetts,2009,https://data.medicaid.gov/resource/5iec-pngx.csv
Michigan,2009,https://data.medicaid.gov/resource/i39t-xcga.csv
Minnesota,2009,https://data.medicaid.gov/resource/b7qi-jkgx.csv
Mississippi,2009,https://data.medicaid.gov/resource/g76c-g8my.csv
Missouri,2009,https://data.medicaid.gov/resource/ad7t-9hqu.csv
Montana,2009,https://data.medicaid.gov/resource/msc5-stnf.csv
National Total,2009,https://data.medicaid.gov/resource/6tcm-8x84.csv
Nebraska,2009,https://data.medicaid.gov/resource/mgqk-xpac.csv
Nevada,2009,https://data.medicaid.gov/resource/6k53-fij3.csv
New Hampshire,2009,https://data.medicaid.gov/resource/fzxp-kzdu.csv
New Jersey,2009,https://data.medicaid.gov/resource/n458-ec4h.csv
New Mexico,2009,https://data.medicaid.gov/resource/eehk-qqrz.csv
New York,2009,https://data.medicaid.gov/resource/f2ug-nnk6.csv
North Carolina,2009,https://data.medicaid.gov/resource/qdj9-6s75.csv
North Dakota,2009,https://data.medicaid.gov/resource/m3k6-pajk.csv
Ohio,2009,https://data.medicaid.gov/resource/6ed2-pg58.csv
Oklahoma,2009,https://data.medicaid.gov/resource/4aji-cezy.csv
Oregon,2009,https://data.medicaid.gov/resource/dvpd-yrtp.csv
Pennsylvania,2009,https://data.medicaid.gov/resource/re43-su9g.csv
Rhode Island,2009,https://data.medicaid.gov/resource/48cz-mvbu.csv
South Carolina,2009,https://data.medicaid.gov/resource/4k59-nzge.csv
South Dakota,2009,https://data.medicaid.gov/resource/yqbx-x3v6.csv
Tennessee,2009,https://data.medicaid.gov/resource/4yxt-kcyk.csv
Texas,2009,https://data.medicaid.gov/resource/nxhh-9dw9.csv
Utah,2009,https://data.medicaid.gov/resource/ipk7-mvt5.csv
Vermont,2009,https://data.medicaid.gov/resource/6fve-t46p.csv
Virginia,2009,https://data.medicaid.gov/resource/yntu-zwy3.csv
Washington,2009,https://data.medicaid.gov/resource/5f9f-pkuj.csv
West Virginia,2009,https://data.medicaid.gov/resource/pjjh-rck7.csv
Wisconsin,2009,https://data.medicaid.gov/resource/nqi3-spv9.csv
Wyoming,2009,https://data.medicaid.gov/resource/j9ie-zpj4.csv
Alabama,2010,https://data.medicaid.gov/resource/y7t3-nq42.csv
Alaska,2010,https://data.medicaid.gov/resource/wh2g-u6da.csv
Arizona,2010,https://data.medicaid.gov/resource/nvx6-aspq.csv
Arkansas,2010,https://data.medicaid.gov/resource/3imu-xbsv.csv
California,2010,https://data.medicaid.gov/resource/h8gm-zabe.csv
Colorado,2010,https://data.medicaid.gov/resource/h8ia-ipzy.csv
Connecticut,2010,https://data.medicaid.gov/resource/3f32-78mq.csv
Delaware,2010,https://data.medicaid.gov/resource/vxfp-m9te.csv
District of Columbia,2010,https://data.medicaid.gov/resource/yetz-2pb6.csv
Florida,2010,https://data.medicaid.gov/resource/w3x8-226m.csv
Georgia,2010,https://data.medicaid.gov/resource/6kh2-q2ez.csv
Hawaii,2010,https://data.medicaid.gov/resource/55ad-z2sv.csv
Idaho,2010,https://data.medicaid.gov/resource/c46s-9xgk.csv
Illinois,2010,https://data.medicaid.gov/resource/983f-46am.csv
Indiana,2010,https://data.medicaid.gov/resource/bi76-4mqf.csv
Iowa,2010,https://data.medicaid.gov/resource/kd43-zzxk.csv
Kansas,2010,https://data.medicaid.gov/resource/328r-ze7i.csv
Kentucky,2010,https://data.medicaid.gov/resource/uxp8-78e5.csv
Louisiana,2010,https://data.medicaid.gov/resource/keks-s7kw.csv
Maine,2010,https://data.medicaid.gov/resource/vd55-y73y.csv
Maryland,2010,https://data.medicaid.gov/resource/xetg-86m9.csv
Massachusetts,2010,https://data.medicaid.gov/resource/e5je-cefx.csv
Michigan,2010,https://data.medicaid.gov/resource/psbg-f4h7.csv
Minnesota,2010,https://data.medicaid.gov/resource/ctvp-vueh.csv
Mississippi,2010,https://data.medicaid.gov/resource/ty62-4apn.csv
Missouri,2010,https://data.medicaid.gov/resource/tu8u-6gsg.csv
Montana,2010,https://data.medicaid.gov/resource/qttb-h5zi.csv
National Total,2010,https://data.medicaid.gov/resource/dgte-3gu8.csv
Nebraska,2010,https://data.medicaid.gov/resource/acs6-pnap.csv
Nevada,2010,https://data.medicaid.gov/resource/3kh6-gd68.csv
New Hampshire,2010,https://data.medicaid.gov/resource/5et6-yp2b.csv
New Jersey,2010,https://data.medicaid.gov/resource/pz3x-knf4.csv
New Mexico,2010,https://data.medicaid.gov/resource/pa7g-tm6t.csv
New York,2010,https://data.medicaid.gov/resource/8m49-wjj7.csv
North Carolina,2010,https://data.medicaid.gov/resource/7gik-8tjw.csv
North Dakota,2010,https://data.medicaid.gov/resource/hed4-scmp.csv
Ohio,2010,https://data.medicaid.gov/resource/hf34-na3b.csv
Oklahoma,2010,https://data.medicaid.gov/resource/rmfd-kpdn.csv
Oregon,2010,https://data.medicaid.gov/resource/ft5i-yzcr.csv
Pennsylvania,2010,https://data.medicaid.gov/resource/3pxu-3kre.csv
Rhode Island,2010,https://data.medicaid.gov/resource/gk63-cp4i.csv
South Carolina,2010,https://data.medicaid.gov/resource/7536-4zwd.csv
South Dakota,2010,https://data.medicaid.gov/resource/99w5-yjas.csv
Tennessee,2010,https://data.medicaid.gov/resource/mfs9-uisa.csv
Texas,2010,https://data.medicaid.gov/resource/d9yi-9qvy.csv
Utah,2010,https://data.medicaid.gov/resource/m834-3hgn.csv
Vermont,2010,https://data.medicaid.gov/resource/avds-5sp6.csv
Virginia,2010,https://data.medicaid.gov/resource/kb2e-aksp.csv
Washington,2010,https://data.medicaid.gov/resource/ppqg-4gi3.csv
West Virginia,2010,https://data.medicaid.gov/resource/ydj5-z9h8.csv
Wisconsin,2010,https://data.medicaid.gov/resource/h9cr-eyb5.csv
Wyoming,2010,https://data.medicaid.gov/resource/6prq-47rm.csv
Alabama,2011,https://data.medicaid.gov/resource/6f3q-xete.csv
Alaska,2011,https://data.medicaid.gov/resource/ib5f-h46s.csv
Arizona,2011,https://data.medicaid.gov/resource/4npz-9s6x.csv
Arkansas,2011,https://data.medicaid.gov/resource/252m-vi32.csv
California,2011,https://data.medicaid.gov/resource/xqci-takx.csv
Colorado,2011,https://data.medicaid.gov/resource/qs9m-e2vb.csv
Connecticut,2011,https://data.medicaid.gov/resource/2y8u-mffz.csv
Delaware,2011,https://data.medicaid.gov/resource/iz3g-ec9r.csv
District of Columbia,2011,https://data.medicaid.gov/resource/jfkg-4uh3.csv
Florida,2011,https://data.medicaid.gov/resource/f6s9-k6ev.csv
Georgia,2011,https://data.medicaid.gov/resource/ethm-ba8t.csv
Hawaii,2011,https://data.medicaid.gov/resource/6da7-tcz8.csv
Idaho,2011,https://data.medicaid.gov/resource/xs4w-5vch.csv
Illinois,2011,https://data.medicaid.gov/resource/rjph-mqtc.csv
Indiana,2011,https://data.medicaid.gov/resource/tc2e-85w7.csv
Iowa,2011,https://data.medicaid.gov/resource/mfc3-6tau.csv
Kansas,2011,https://data.medicaid.gov/resource/8qwx-dnth.csv
Kentucky,2011,https://data.medicaid.gov/resource/mqpn-f72d.csv
Louisiana,2011,https://data.medicaid.gov/resource/qtwz-hbj4.csv
Maine,2011,https://data.medicaid.gov/resource/hwbc-ussw.csv
Maryland,2011,https://data.medicaid.gov/resource/gduu-b3ps.csv
Massachusetts,2011,https://data.medicaid.gov/resource/vbqz-nbw8.csv
Michigan,2011,https://data.medicaid.gov/resource/kjrs-29th.csv
Minnesota,2011,https://data.medicaid.gov/resource/m76p-fcyx.csv
Mississippi,2011,https://data.medicaid.gov/resource/9m8y-zmfs.csv
Missouri,2011,https://data.medicaid.gov/resource/k9mh-mdgm.csv
Montana,2011,https://data.medicaid.gov/resource/d8ca-hf9y.csv
National Total,2011,https://data.medicaid.gov/resource/de79-47w8.csv
Nebraska,2011,https://data.medicaid.gov/resource/6per-kepu.csv
Nevada,2011,https://data.medicaid.gov/resource/shtj-jk87.csv
New Hampshire,2011,https://data.medicaid.gov/resource/5mz5-7jqf.csv
New Jersey,2011,https://data.medicaid.gov/resource/su9k-m4jg.csv
New Mexico,2011,https://data.medicaid.gov/resource/e4xr-njfg.csv
New York,2011,https://data.medicaid.gov/resource/6y39-3rsr.csv
North Carolina,2011,https://data.medicaid.gov/resource/5256-2fs3.csv
North Dakota,2011,https://data.medicaid.gov/resource/k5fn-r6qt.csv
Ohio,2011,https://data.medicaid.gov/resource/qk2d-xewf.csv
Oklahoma,2011,https://data.medicaid.gov/resource/bfn9-fn6m.csv
Oregon,2011,https://data.medicaid.gov/resource/8vef-eghx.csv
Pennsylvania,2011,https://data.medicaid.gov/resource/w6um-3zaf.csv
Rhode Island,2011,https://data.medicaid.gov/resource/p763-4ux7.csv
South Carolina,2011,https://data.medicaid.gov/resource/m4dh-svm6.csv
South Dakota,2011,https://data.medicaid.gov/resource/dpg9-zt7g.csv
Tennessee,2011,https://data.medicaid.gov/resource/pj3d-awsf.csv
Texas,2011,https://data.medicaid.gov/resource/j2kj-fk68.csv
Utah,2011,https://data.medicaid.gov/resource/xfwe-6jwa.csv
Vermont,2011,https://data.medicaid.gov/resource/96yv-pzie.csv
Virginia,2011,https://data.medicaid.gov/resource/9kjv-upvj.csv
Washington,2011,https://data.medicaid.gov/resource/2zpk-8jyv.csv
West Virginia,2011,https://data.medicaid.gov/resource/e7d9-yh9h.csv
Wisconsin,2011,https://data.medicaid.gov/resource/txf3-d5ra.csv
Wyoming,2011,https://data.medicaid.gov/resource/y9cg-j7sq.csv
Alabama,2012,https://data.medicaid.gov/resource/3u34-tc7y.csv
Alaska,2012,https://data.medicaid.gov/resource/47f3-bhqm.csv
Arizona,2012,https://data.medicaid.gov/resource/u67g-qmsn.csv
Arkansas,2012,https://data.medicaid.gov/resource/4528-aq7u.csv
California,2012,https://data.medicaid.gov/resource/im8w-4vhn.csv
Colorado,2012,https://data.medicaid.gov/resource/xr9q-hudz.csv
Connecticut,2012,https://data.medicaid.gov/resource/phqk-qzcv.csv
Delaware,2012,https://data.medicaid.gov/resource/a88g-7z8g.csv
District of Columbia,2012,https://data.medicaid.gov/resource/meze-z6pv.csv
Florida,2012,https://data.medicaid.gov/resource/ej73-sby3.csv
Georgia,2012,https://data.medicaid.gov/resource/2r94-thfm.csv
Hawaii,2012,https://data.medicaid.gov/resource/9dzn-bmjq.csv
Idaho,2012,https://data.medicaid.gov/resource/xmnp-fvfq.csv
Illinois,2012,https://data.medicaid.gov/resource/hvfu-xjtz.csv
Indiana,2012,https://data.medicaid.gov/resource/gesp-maip.csv
Iowa,2012,https://data.medicaid.gov/resource/rpze-s9ce.csv
Kansas,2012,https://data.medicaid.gov/resource/m63m-peij.csv
Kentucky,2012,https://data.medicaid.gov/resource/qnxm-fkqh.csv
Louisiana,2012,https://data.medicaid.gov/resource/8h2r-azqj.csv
Maine,2012,https://data.medicaid.gov/resource/ux9t-td7b.csv
Maryland,2012,https://data.medicaid.gov/resource/skqr-679f.csv
Massachusetts,2012,https://data.medicaid.gov/resource/8kei-w69f.csv
Michigan,2012,https://data.medicaid.gov/resource/5djf-sadd.csv
Minnesota,2012,https://data.medicaid.gov/resource/69pb-3gkd.csv
Mississippi,2012,https://data.medicaid.gov/resource/apk8-aa6k.csv
Missouri,2012,https://data.medicaid.gov/resource/dxsk-zdxb.csv
Montana,2012,https://data.medicaid.gov/resource/sj29-yiw3.csv
National Total,2012,https://data.medicaid.gov/resource/mkpf-yey3.csv
Nebraska,2012,https://data.medicaid.gov/resource/rrsi-ct8c.csv
Nevada,2012,https://data.medicaid.gov/resource/3xph-2pg7.csv
New Hampshire,2012,https://data.medicaid.gov/resource/ahua-aitj.csv
New Jersey,2012,https://data.medicaid.gov/resource/mvqg-fm8f.csv
New Mexico,2012,https://data.medicaid.gov/resource/nxvm-v9ra.csv
New York,2012,https://data.medicaid.gov/resource/qke9-zrin.csv
North Carolina,2012,https://data.medicaid.gov/resource/ih8r-msus.csv
North Dakota,2012,https://data.medicaid.gov/resource/nx6u-jxae.csv
Ohio,2012,https://data.medicaid.gov/resource/i25j-p9zv.csv
Oklahoma,2012,https://data.medicaid.gov/resource/w4ec-sskb.csv
Oregon,2012,https://data.medicaid.gov/resource/h972-h7tw.csv
Pennsylvania,2012,https://data.medicaid.gov/resource/6fhx-i7r4.csv
Rhode Island,2012,https://data.medicaid.gov/resource/2pus-xrq2.csv
South Carolina,2012,https://data.medicaid.gov/resource/89m5-f857.csv
South Dakota,2012,https://data.medicaid.gov/resource/5qa4-yhu2.csv
Tennessee,2012,https://data.medicaid.gov/resource/cbsg-riq9.csv
Texas,2012,https://data.medicaid.gov/resource/hfy7-ckdz.csv
Utah,2012,https://data.medicaid.gov/resource/hqf7-v63w.csv
Vermont,2012,https://data.medicaid.gov/resource/6f5w-r5ds.csv
Virginia,2012,https://data.medicaid.gov/resource/49q9-gk9p.csv
Washington,2012,https://data.medicaid.gov/resource/5dng-v4tc.csv
West Virginia,2012,https://data.medicaid.gov/resource/qe7s-s5vu.csv
Wisconsin,2012,https://data.medicaid.gov/resource/4kjq-nu7n.csv
Wyoming,2012,https://data.medicaid.gov/resource/rc93-pf4f.csv
Alabama,2013,https://data.medicaid.gov/resource/kmh9-hvht.csv
Alaska,2013,https://data.medicaid.gov/resource/jrm9-cu89.csv
Arizona,2013,https://data.medicaid.gov/resource/3gg6-3efa.csv
Arkansas,2013,https://data.medicaid.gov/resource/77ry-w8qt.csv
California,2013,https://data.medicaid.gov/resource/2d5j-87dd.csv
Colorado,2013,https://data.medicaid.gov/resource/cv3n-x4pc.csv
Connecticut,2013,https://data.medicaid.gov/resource/mu32-vjj3.csv
Delaware,2013,https://data.medicaid.gov/resource/9dm4-tw6v.csv
District of Columbia,2013,https://data.medicaid.gov/resource/mamd-6ztu.csv
Florida,2013,https://data.medicaid.gov/resource/p3pw-h8sn.csv
Georgia,2013,https://data.medicaid.gov/resource/2ipk-gpqi.csv
Hawaii,2013,https://data.medicaid.gov/resource/tmfj-zaz2.csv
Idaho,2013,https://data.medicaid.gov/resource/vjf8-y9a7.csv
Illinois,2013,https://data.medicaid.gov/resource/hvqj-847p.csv
Indiana,2013,https://data.medicaid.gov/resource/wwqj-3vq5.csv
Iowa,2013,https://data.medicaid.gov/resource/8hfs-t2jc.csv
Kansas,2013,https://data.medicaid.gov/resource/xant-b2xb.csv
Kentucky,2013,https://data.medicaid.gov/resource/q2rc-iitr.csv
Louisiana,2013,https://data.medicaid.gov/resource/kbkj-rim5.csv
Maine,2013,https://data.medicaid.gov/resource/xbi3-46sb.csv
Maryland,2013,https://data.medicaid.gov/resource/66ux-hp6s.csv
Massachusetts,2013,https://data.medicaid.gov/resource/6m3x-tgn9.csv
Michigan,2013,https://data.medicaid.gov/resource/72kp-pbwd.csv
Minnesota,2013,https://data.medicaid.gov/resource/2dfr-s87a.csv
Mississippi,2013,https://data.medicaid.gov/resource/mgxn-5z2i.csv
Missouri,2013,https://data.medicaid.gov/resource/jmcw-ytan.csv
Montana,2013,https://data.medicaid.gov/resource/xckc-zve4.csv
National Total,2013,https://data.medicaid.gov/resource/kmyc-3n7k.csv
Nebraska,2013,https://data.medicaid.gov/resource/rhq8-n299.csv
Nevada,2013,https://data.medicaid.gov/resource/96bj-7bdu.csv
New Hampshire,2013,https://data.medicaid.gov/resource/5asc-w3re.csv
New Jersey,2013,https://data.medicaid.gov/resource/nsrs-n4sh.csv
New Mexico,2013,https://data.medicaid.gov/resource/jd5i-y85r.csv
New York,2013,https://data.medicaid.gov/resource/38c4-wnp2.csv
North Carolina,2013,https://data.medicaid.gov/resource/cad8-wn52.csv
North Dakota,2013,https://data.medicaid.gov/resource/itkg-9swa.csv
Ohio,2013,https://data.medicaid.gov/resource/xubm-5fdm.csv
Oklahoma,2013,https://data.medicaid.gov/resource/g79d-jqei.csv
Oregon,2013,https://data.medicaid.gov/resource/4uhh-7bmw.csv
Pennsylvania,2013,https://data.medicaid.gov/resource/eucg-uqxe.csv
Rhode Island,2013,https://data.medicaid.gov/resource/4rdi-ht4c.csv
South Carolina,2013,https://data.medicaid.gov/resource/qu98-2v7d.csv
South Dakota,2013,https://data.medicaid.gov/resource/d7pj-s2uv.csv
Tennessee,2013,https://data.medicaid.gov/resource/4f97-ira5.csv
Texas,2013,https://data.medicaid.gov/resource/ugak-htu8.csv
Utah,2013,https://data.medicaid.gov/resource/j38h-ygaa.csv
Vermont,2013,https://data.medicaid.gov/resource/4uia-t64y.csv
Virginia,2013,https://data.medicaid.gov/resource/eskq-g7rm.csv
Washington,2013,https://data.medicaid.gov/resource/erad-2cex.csv
West Virginia,2013,https://data.medicaid.gov/resource/f2ui-sh4k.csv
Wisconsin,2013,https://data.medicaid.gov/resource/3hw9-zwhj.csv
Wyoming,2013,https://data.medicaid.gov/resource/7dat-vkh9.csv
Alabama,2014,https://data.medicaid.gov/resource/iztr-zsdp.csv
Alaska,2014,https://data.medicaid.gov/resource/jqd6-4i5q.csv
Arizona,2014,https://data.medicaid.gov/resource/vz47-2aam.csv
Arkansas,2014,https://data.medicaid.gov/resource/ggfu-nf9y.csv
California,2014,https://data.medicaid.gov/resource/6rqn-7eek.csv
Colorado,2014,https://data.medicaid.gov/resource/hws4-i77r.csv
Connecticut,2014,https://data.medicaid.gov/resource/q73s-hmpz.csv
Delaware,2014,https://data.medicaid.gov/resource/p75h-aysy.csv
District of Columbia,2014,https://data.medicaid.gov/resource/h4mk-nmvj.csv
Florida,2014,https://data.medicaid.gov/resource/mpe5-vdpj.csv
Georgia,2014,https://data.medicaid.gov/resource/eqwm-tbdn.csv
Hawaii,2014,https://data.medicaid.gov/resource/maw9-s89q.csv
Idaho,2014,https://data.medicaid.gov/resource/giqv-iexu.csv
Illinois,2014,https://data.medicaid.gov/resource/7z9x-f7zm.csv
Indiana,2014,https://data.medicaid.gov/resource/9uce-wv67.csv
Iowa,2014,https://data.medicaid.gov/resource/3nbn-mhk8.csv
Kansas,2014,https://data.medicaid.gov/resource/rukt-3xgc.csv
Kentucky,2014,https://data.medicaid.gov/resource/qabq-ddmy.csv
Louisiana,2014,https://data.medicaid.gov/resource/dwn3-hnaw.csv
Maine,2014,https://data.medicaid.gov/resource/gc5m-tkwa.csv
Maryland,2014,https://data.medicaid.gov/resource/azks-i7nj.csv
Massachusetts,2014,https://data.medicaid.gov/resource/6p9i-ftfv.csv
Michigan,2014,https://data.medicaid.gov/resource/m7hz-f3jj.csv
Minnesota,2014,https://data.medicaid.gov/resource/hznc-r64g.csv
Mississippi,2014,https://data.medicaid.gov/resource/hw5j-itcz.csv
Missouri,2014,https://data.medicaid.gov/resource/4su9-w6zt.csv
Montana,2014,https://data.medicaid.gov/resource/6qy8-ip3m.csv
National Total,2014,https://data.medicaid.gov/resource/hz5c-g52b.csv
Nebraska,2014,https://data.medicaid.gov/resource/twx5-ee8k.csv
Nevada,2014,https://data.medicaid.gov/resource/mzd3-aq2t.csv
New Hampshire,2014,https://data.medicaid.gov/resource/semi-w7as.csv
New Jersey,2014,https://data.medicaid.gov/resource/fudz-nh4w.csv
New Mexico,2014,https://data.medicaid.gov/resource/fnme-npw8.csv
New York,2014,https://data.medicaid.gov/resource/unpb-vusb.csv
North Carolina,2014,https://data.medicaid.gov/resource/ta3k-i34z.csv
North Dakota,2014,https://data.medicaid.gov/resource/bdk6-kzyq.csv
Ohio,2014,https://data.medicaid.gov/resource/mfx8-ysde.csv
Oklahoma,2014,https://data.medicaid.gov/resource/h6wb-dq4p.csv
Oregon,2014,https://data.medicaid.gov/resource/jtxt-4jvm.csv
Pennsylvania,2014,https://data.medicaid.gov/resource/d4n2-iej9.csv
Rhode Island,2014,https://data.medicaid.gov/resource/vbjc-e23b.csv
South Carolina,2014,https://data.medicaid.gov/resource/pf75-zz7e.csv
South Dakota,2014,https://data.medicaid.gov/resource/bev2-ammh.csv
Tennessee,2014,https://data.medicaid.gov/resource/qft7-xh5h.csv
Texas,2014,https://data.medicaid.gov/resource/b5kr-byzs.csv
Utah,2014,https://data.medicaid.gov/resource/vhgm-5mq5.csv
Vermont,2014,https://data.medicaid.gov/resource/6zju-cgt3.csv
Virginia,2014,https://data.medicaid.gov/resource/i4ps-yvpe.csv
Washington,2014,https://data.medicaid.gov/resource/8kia-53bn.csv
West Virginia,2014,https://data.medicaid.gov/resource/aa6p-k6wm.csv
Wisconsin,2014,https://data.medicaid.gov/resource/nr9i-994b.csv
Wyoming,2014,https://data.medicaid.gov/resource/eum8-n54x.csv
Alabama,2015,https://data.medicaid.gov/resource/cyin-zjku.csv
Alaska,2015,https://data.medicaid.gov/resource/sb6v-ky6q.csv
Arizona,2015,https://data.medicaid.gov/resource/fg8b-9yz9.csv
Arkansas,2015,https://data.medicaid.gov/resource/debq-6rm6.csv
California,2015,https://data.medicaid.gov/resource/d7vy-z44j.csv
Colorado,2015,https://data.medicaid.gov/resource/s2qn-mn34.csv
Connecticut,2015,https://data.medicaid.gov/resource/ad4i-nwuq.csv
Delaware,2015,https://data.medicaid.gov/resource/kadi-29hu.csv
District of Columbia,2015,https://data.medicaid.gov/resource/dj6b-cfmv.csv
Florida,2015,https://data.medicaid.gov/resource/yq9g-nymh.csv
Georgia,2015,https://data.medicaid.gov/resource/5ux4-9ucq.csv
Hawaii,2015,https://data.medicaid.gov/resource/2zrp-a779.csv
Idaho,2015,https://data.medicaid.gov/resource/i8p3-2q9h.csv
Illinois,2015,https://data.medicaid.gov/resource/arwn-akze.csv
Indiana,2015,https://data.medicaid.gov/resource/nuhu-trdb.csv
Iowa,2015,https://data.medicaid.gov/resource/ibyf-rytj.csv
Kansas,2015,https://data.medicaid.gov/resource/i7ka-rgd2.csv
Kentucky,2015,https://data.medicaid.gov/resource/hse5-m4bk.csv
Louisiana,2015,https://data.medicaid.gov/resource/f8mq-74ay.csv
Maine,2015,https://data.medicaid.gov/resource/2943-5s22.csv
Maryland,2015,https://data.medicaid.gov/resource/enct-yqcd.csv
Massachusetts,2015,https://data.medicaid.gov/resource/8gep-46zx.csv
Michigan,2015,https://data.medicaid.gov/resource/fdgk-7na2.csv
Minnesota,2015,https://data.medicaid.gov/resource/rtq5-2ii4.csv
Mississippi,2015,https://data.medicaid.gov/resource/s3kk-ydvk.csv
Missouri,2015,https://data.medicaid.gov/resource/dhgy-kear.csv
Montana,2015,https://data.medicaid.gov/resource/aaqd-5pbf.csv
National Total,2015,https://data.medicaid.gov/resource/h5ii-2ar3.csv
Nebraska,2015,https://data.medicaid.gov/resource/t8w2-es9t.csv
Nevada,2015,https://data.medicaid.gov/resource/k345-2tvi.csv
New Hampshire,2015,https://data.medicaid.gov/resource/qbzw-sn2r.csv
New Jersey,2015,https://data.medicaid.gov/resource/vuba-ktks.csv
New Mexico,2015,https://data.medicaid.gov/resource/ks42-r2v8.csv
New York,2015,https://data.medicaid.gov/resource/gdvy-d9h8.csv
North Carolina,2015,https://data.medicaid.gov/resource/mjfw-ezhm.csv
North Dakota,2015,https://data.medicaid.gov/resource/r37b-wz5h.csv
Ohio,2015,https://data.medicaid.gov/resource/54gd-8536.csv
Oklahoma,2015,https://data.medicaid.gov/resource/eufd-5tkp.csv
Oregon,2015,https://data.medicaid.gov/resource/hrkx-fhgz.csv
Pennsylvania,2015,https://data.medicaid.gov/resource/4r93-zipx.csv
Rhode Island,2015,https://data.medicaid.gov/resource/gxzy-kr2h.csv
South Carolina,2015,https://data.medicaid.gov/resource/ejqk-ftzg.csv
South Dakota,2015,https://data.medicaid.gov/resource/xriz-578j.csv
Tennessee,2015,https://data.medicaid.gov/resource/kq7n-d5jk.csv
Texas,2015,https://data.medicaid.gov/resource/sshs-urs9.csv
Utah,2015,https://data.medicaid.gov/resource/izrf-iihx.csv
Vermont,2015,https://data.medicaid.gov/resource/b83d-kdr9.csv
Virginia,2015,https://data.medicaid.gov/resource/nrw3-sxiy.csv
Washington,2015,https://data.medicaid.gov/resource/68h5-fwth.csv
West Virginia,2015,https://data.medicaid.gov/resource/3yj6-un8h.csv
Wisconsin,2015,https://data.medicaid.gov/resource/yd7z-wgfd.csv
Wyoming,2015,https://data.medicaid.gov/resource/vbyb-ip7e.csv
Alabama,2016,https://data.medicaid.gov/resource/qseb-bxvv.csv
Alaska,2016,https://data.medicaid.gov/resource/mmzb-a62v.csv
Arizona,2016,https://data.medicaid.gov/resource/r2wc-tiym.csv
Arkansas,2016,https://data.medicaid.gov/resource/4dsg-hgth.csv
California,2016,https://data.medicaid.gov/resource/6d84-eemi.csv
Colorado,2016,https://data.medicaid.gov/resource/p7d9-uvpf.csv
Connecticut,2016,https://data.medicaid.gov/resource/8kmj-wv9v.csv
Delaware,2016,https://data.medicaid.gov/resource/wm2t-rnrd.csv
District of Columbia,2016,https://data.medicaid.gov/resource/iv9i-tq4v.csv
Florida,2016,https://data.medicaid.gov/resource/e233-5nct.csv
Georgia,2016,https://data.medicaid.gov/resource/yff5-mjmh.csv
Hawaii,2016,https://data.medicaid.gov/resource/3exn-k8jn.csv
Idaho,2016,https://data.medicaid.gov/resource/7hfr-tptt.csv
Illinois,2016,https://data.medicaid.gov/resource/k93u-zew3.csv
Indiana,2016,https://data.medicaid.gov/resource/shjs-xfwr.csv
Iowa,2016,https://data.medicaid.gov/resource/9f3g-p5hr.csv
Kansas,2016,https://data.medicaid.gov/resource/c4tb-k4h3.csv
Kentucky,2016,https://data.medicaid.gov/resource/dpqa-tc6u.csv
Louisiana,2016,https://data.medicaid.gov/resource/epdg-k6sp.csv
Maine,2016,https://data.medicaid.gov/resource/swum-7srn.csv
Maryland,2016,https://data.medicaid.gov/resource/mhbk-arhk.csv
Massachusetts,2016,https://data.medicaid.gov/resource/eyyi-qy9t.csv
Michigan,2016,https://data.medicaid.gov/resource/xhfk-dj8y.csv
Minnesota,2016,https://data.medicaid.gov/resource/gatf-ib2c.csv
Mississippi,2016,https://data.medicaid.gov/resource/jsnp-rqt3.csv
Missouri,2016,https://data.medicaid.gov/resource/6rk6-726r.csv
Montana,2016,https://data.medicaid.gov/resource/rpws-9asx.csv
National Totals,2016,https://data.medicaid.gov/resource/4kp3-zsqr.csv
Nebraska,2016,https://data.medicaid.gov/resource/pcrg-skvj.csv
Nevada,2016,https://data.medicaid.gov/resource/p7s9-he7h.csv
New Hampshire,2016,https://data.medicaid.gov/resource/bu2p-3xbf.csv
New Jersey,2016,https://data.medicaid.gov/resource/6dgg-fe5u.csv
New Mexico,2016,https://data.medicaid.gov/resource/q294-hq4w.csv
New York,2016,https://data.medicaid.gov/resource/urqx-bn3c.csv
North Carolina,2016,https://data.medicaid.gov/resource/eyyc-b8df.csv
North Dakota,2016,https://data.medicaid.gov/resource/gv5v-ag4z.csv
Ohio,2016,https://data.medicaid.gov/resource/mttk-g9kd.csv
Oklahoma,2016,https://data.medicaid.gov/resource/mnt2-i8zg.csv
Oregon,2016,https://data.medicaid.gov/resource/rjfx-nkxr.csv
Pennsylvania,2016,https://data.medicaid.gov/resource/t4ui-zvwb.csv
Rhode Island,2016,https://data.medicaid.gov/resource/aj42-tgaz.csv
South Carolina,2016,https://data.medicaid.gov/resource/4ujw-6gfa.csv
South Dakota,2016,https://data.medicaid.gov/resource/2qex-tcae.csv
Tennessee,2016,https://data.medicaid.gov/resource/xezd-gv6c.csv
Texas,2016,https://data.medicaid.gov/resource/cws7-3czv.csv
Utah,2016,https://data.medicaid.gov/resource/qb4c-394c.csv
Vermont,2016,https://data.medicaid.gov/resource/wv2x-bmmc.csv
Virginia,2016,https://data.medicaid.gov/resource/yary-xq7f.csv
Washington,2016,https://data.medicaid.gov/resource/btbp-vchk.csv
West Virginia,2016,https://data.medicaid.gov/resource/h5j5-9z29.csv
Wisconsin,2016,https://data.medicaid.gov/resource/p48h-73cv.csv
Wyoming,2016,https://data.medicaid.gov/resource/9q8h-dxbp.csv
Alabama,2017,https://data.medicaid.gov/resource/a8up-wxh2.csv
Alaska,2017,https://data.medicaid.gov/resource/2bsp-3k5u.csv
Arizona,2017,https://data.medicaid.gov/resource/khdh-ni9v.csv
Arkansas,2017,https://data.medicaid.gov/resource/njav-b3v6.csv
California,2017,https://data.medicaid.gov/resource/yvbj-z35p.csv
Colorado,2017,https://data.medicaid.gov/resource/hkhk-d46m.csv
Connecticut,2017,https://data.medicaid.gov/resource/m37a-nah7.csv
Delaware,2017,https://data.medicaid.gov/resource/k77h-uuxr.csv
District of Columbia,2017,https://data.medicaid.gov/resource/e6pr-7ds3.csv
Florida,2017,https://data.medicaid.gov/resource/v3d3-tt3k.csv
Georgia,2017,https://data.medicaid.gov/resource/az8s-qbkx.csv
Hawaii,2017,https://data.medicaid.gov/resource/baak-z9ys.csv
Idaho,2017,https://data.medicaid.gov/resource/iscd-dyvd.csv
Illinois,2017,https://data.medicaid.gov/resource/bszs-myc2.csv
Indiana,2017,https://data.medicaid.gov/resource/jwp9-gqvp.csv
Iowa,2017,https://data.medicaid.gov/resource/jmrr-9vdp.csv
Kansas,2017,https://data.medicaid.gov/resource/3shv-uveg.csv
Kentucky,2017,https://data.medicaid.gov/resource/qams-sami.csv
Louisiana,2017,https://data.medicaid.gov/resource/pztt-d5ey.csv
Maine,2017,https://data.medicaid.gov/resource/wn3t-j6ft.csv
Maryland,2017,https://data.medicaid.gov/resource/m6ku-x43s.csv
Massachusetts,2017,https://data.medicaid.gov/resource/mv52-88h5.csv
Michigan,2017,https://data.medicaid.gov/resource/24yv-vtcp.csv
Minnesota,2017,https://data.medicaid.gov/resource/dsst-zv9s.csv
Mississippi,2017,https://data.medicaid.gov/resource/hmbb-qi34.csv
Missouri,2017,https://data.medicaid.gov/resource/fqhp-qhzb.csv
Montana,2017,https://data.medicaid.gov/resource/as2g-es2p.csv
National Total,2017,https://data.medicaid.gov/resource/fn8g-qy8b.csv
Nebraska,2017,https://data.medicaid.gov/resource/k8sf-2v3r.csv
Nevada,2017,https://data.medicaid.gov/resource/eerm-knta.csv
New Hampshire,2017,https://data.medicaid.gov/resource/bsgj-5cjt.csv
New Jersey,2017,https://data.medicaid.gov/resource/n6si-i23d.csv
New Mexico,2017,https://data.medicaid.gov/resource/ajtz-dri9.csv
New York,2017,https://data.medicaid.gov/resource/dw7w-gwf5.csv
North Carolina,2017,https://data.medicaid.gov/resource/ytjr-8fm2.csv
North Dakota,2017,https://data.medicaid.gov/resource/qz56-p4q3.csv
Ohio,2017,https://data.medicaid.gov/resource/ww3t-ub8a.csv
Oklahoma,2017,https://data.medicaid.gov/resource/kd4m-gem3.csv
Oregon,2017,https://data.medicaid.gov/resource/u4ap-yeyk.csv
Pennsylvania,2017,https://data.medicaid.gov/resource/g4rc-dv4d.csv
Rhode Island,2017,https://data.medicaid.gov/resource/sw2n-7jvg.csv
South Carolina,2017,https://data.medicaid.gov/resource/6ssk-xvx4.csv
South Dakota,2017,https://data.medicaid.gov/resource/54ts-enew.csv
Tennessee,2017,https://data.medicaid.gov/resource/dwft-ixsz.csv
Texas,2017,https://data.medicaid.gov/resource/f5h3-z36k.csv
Utah,2017,https://data.medicaid.gov/resource/p9x7-xstn.csv
Vermont,2017,https://data.medicaid.gov/resource/8juq-mctf.csv
Virginia,2017,https://data.medicaid.gov/resource/txgb-5xft.csv
Washington,2017,https://data.medicaid.gov/resource/47p5-wjt6.csv
West Virginia,2017,https://data.medicaid.gov/resource/7eqg-3rud.csv
Wisconsin,2017,https://data.medicaid.gov/resource/7xjd-t9ta.csv
Wyoming,2017,https://data.medicaid.gov/resource/ww2r-pggm.csv
Alabama,2018,https://data.medicaid.gov/resource/v5gj-m23s.csv
Alaska,2018,https://data.medicaid.gov/resource/ib23-s4ur.csv
Arizona,2018,https://data.medicaid.gov/resource/swmu-us9r.csv
Arkansas,2018,https://data.medicaid.gov/resource/bwra-9gnw.csv
California,2018,https://data.medicaid.gov/resource/d2af-4zjm.csv
Colorado,2018,https://data.medicaid.gov/resource/hkhk-d46m.csv
Connecticut,2018,https://data.medicaid.gov/resource/q2fv-4rhv.csv
Delaware,2018,https://data.medicaid.gov/resource/s68r-iqpi.csv
District of Columbia,2018,https://data.medicaid.gov/resource/8gxy-6hhv.csv
Florida,2018,https://data.medicaid.gov/resource/xie7-ycn6.csv
Georgia,2018,https://data.medicaid.gov/resource/gby4-hwk8.csv
Hawaii,2018,https://data.medicaid.gov/resource/s5qd-p72v.csv
Idaho,2018,https://data.medicaid.gov/resource/dae6-dyz4.csv
Illinois,2018,https://data.medicaid.gov/resource/n73n-bm4n.csv
Indiana,2018,https://data.medicaid.gov/resource/483g-sira.csv
Iowa,2018,https://data.medicaid.gov/resource/j8b3-9t74.csv
Kansas,2018,https://data.medicaid.gov/resource/qtm2-v4bm.csv
Kentucky,2018,https://data.medicaid.gov/resource/ddz4-5k5v.csv
Louisiana,2018,https://data.medicaid.gov/resource/8g34-rjny.csv
Maine,2018,https://data.medicaid.gov/resource/ngc3-6n7f.csv
Maryland,2018,https://data.medicaid.gov/resource/dhdq-ctpx.csv
Massachusetts,2018,https://data.medicaid.gov/resource/rth2-yvph.csv
Michigan,2018,https://data.medicaid.gov/resource/inw6-g2tu.csv
Minnesota,2018,https://data.medicaid.gov/resource/wgr2-q7tr.csv
Mississippi,2018,https://data.medicaid.gov/resource/axma-e6g5.csv
Missouri,2018,https://data.medicaid.gov/resource/3cjn-h6cs.csv
Montana,2018,https://data.medicaid.gov/resource/g3an-zpza.csv
National Total,2018,https://data.medicaid.gov/resource/5wf6-fcvs.csv
Nebraska,2018,https://data.medicaid.gov/resource/7f4p-ixrw.csv
Nevada,2018,https://data.medicaid.gov/resource/tp7j-ru8d.csv
New Hampshire,2018,https://data.medicaid.gov/resource/98tz-nter.csv
New Jersey,2018,https://data.medicaid.gov/resource/q74m-aekx.csv
New Mexico,2018,https://data.medicaid.gov/resource/298t-q7yh.csv
New York,2018,https://data.medicaid.gov/resource/j2j4-wfa9.csv
North Carolina,2018,https://data.medicaid.gov/resource/agw7-wki4.csv
North Dakota,2018,https://data.medicaid.gov/resource/x79i-2tw5.csv
Ohio,2018,https://data.medicaid.gov/resource/2rsp-mhu9.csv
Oklahoma,2018,https://data.medicaid.gov/resource/36yi-6d5e.csv
Oregon,2018,https://data.medicaid.gov/resource/jur4-m4vs.csv
Pennsylvania,2018,https://data.medicaid.gov/resource/dtsg-gmj2.csv
Rhode Island,2018,https://data.medicaid.gov/resource/yrwc-cwyw.csv
South Carolina,2018,https://data.medicaid.gov/resource/nres-dsgx.csv
South Dakota,2018,https://data.medicaid.gov/resource/v638-fn4f.csv
Tennessee,2018,https://data.medicaid.gov/resource/gwkj-gcah.csv
Texas,2018,https://data.medicaid.gov/resource/qpsd-2sgh.csv
Utah,2018,https://data.medicaid.gov/resource/j9yc-5qbg.csv
Vermont,2018,https://data.medicaid.gov/resource/jz7v-trpd.csv
Virginia,2018,https://data.medicaid.gov/resource/bkua-c2vy.csv
Washington,2018,https://data.medicaid.gov/resource/kscx-3ddh.csv
West Virginia,2018,https://data.medicaid.gov/resource/tie7-xe6q.csv
Wisconsin,2018,https://data.medicaid.gov/resource/r2wa-rij7.csv
Wyoming,2018,https://data.medicaid.gov/resource/vavg-yhx4.csv
Alabama,2019,https://data.medicaid.gov/resource/qtvr-biwp.csv
Alaska,2019,https://data.medicaid.gov/resource/f633-75kv.csv
Arizona,2019,https://data.medicaid.gov/resource/5fug-tui2.csv
Arkansas,2019,https://data.medicaid.gov/resource/t4ww-9tia.csv
California,2019,https://data.medicaid.gov/resource/tst2-xpev.csv
Colorado,2019,https://data.medicaid.gov/resource/pdg2-xtzd.csv
Connecticut,2019,https://data.medicaid.gov/resource/4pfd-7pwg.csv
Delaware,2019,https://data.medicaid.gov/resource/nmeb-5sci.csv
District of Columbia,2019,https://data.medicaid.gov/resource/pj93-shht.csv
Florida,2019,https://data.medicaid.gov/resource/kwee-573c.csv
Georgia,2019,https://data.medicaid.gov/resource/34c7-5tgs.csv
Hawaii,2019,https://data.medicaid.gov/resource/rtmz-ij3f.csv
Idaho,2019,https://data.medicaid.gov/resource/t9wv-k6pt.csv
Illinois,2019,https://data.medicaid.gov/resource/xxmp-iazb.csv
Indiana,2019,https://data.medicaid.gov/resource/br37-5p9f.csv
Iowa,2019,https://data.medicaid.gov/resource/gedq-6b5j.csv
Kansas,2019,https://data.medicaid.gov/resource/vvwz-9cu3.csv
Kentucky,2019,https://data.medicaid.gov/resource/8fjh-49cj.csv
Louisiana,2019,https://data.medicaid.gov/resource/3k7x-mjhc.csv
Maine,2019,https://data.medicaid.gov/resource/n48b-q7wx.csv
Maryland,2019,https://data.medicaid.gov/resource/janu-t5wz.csv
Massachusetts,2019,https://data.medicaid.gov/resource/i2n9-x3ei.csv
Michigan,2019,https://data.medicaid.gov/resource/a94y-yd3d.csv
Minnesota,2019,https://data.medicaid.gov/resource/wnkx-6w9v.csv
Mississippi,2019,https://data.medicaid.gov/resource/777h-8hac.csv
Missouri,2019,https://data.medicaid.gov/resource/wphh-ra97.csv
Montana,2019,https://data.medicaid.gov/resource/a9qe-bwyn.csv
National Total,2019,https://data.medicaid.gov/resource/u4vi-hz8e.csv
Nebraska,2019,https://data.medicaid.gov/resource/7f4p-ixrw.csv
Nevada,2019,https://data.medicaid.gov/resource/73un-sp59.csv
New Hampshire,2019,https://data.medicaid.gov/resource/nrvu-mtth.csv
New Jersey,2019,https://data.medicaid.gov/resource/92jr-549e.csv
New Mexico,2019,https://data.medicaid.gov/resource/m5am-by7a.csv
New York,2019,https://data.medicaid.gov/resource/saj5-ja68.csv
North Carolina,2019,https://data.medicaid.gov/resource/s9ws-p8hd.csv
North Dakota,2019,https://data.medicaid.gov/resource/r8k9-cqji.csv
Ohio,2019,https://data.medicaid.gov/resource/hrt3-n66k.csv
Oklahoma,2019,https://data.medicaid.gov/resource/ucdy-5siy.csv
Oregon,2019,https://data.medicaid.gov/resource/9tey-4tc5.csv
Pennsylvania,2019,https://data.medicaid.gov/resource/rdgp-i6gb.csv
Rhode Island,2019,https://data.medicaid.gov/resource/4qx3-8c4f.csv
South Carolina,2019,https://data.medicaid.gov/resource/pkut-g7hv.csv
South Dakota,2019,https://data.medicaid.gov/resource/we8s-jes3.csv
Tennessee,2019,https://data.medicaid.gov/resource/9chj-ujct.csv
Texas,2019,https://data.medicaid.gov/resource/avuh-b7z8.csv
Utah,2019,https://data.medicaid.gov/resource/8ic4-xqc3.csv
Vermont,2019,https://data.medicaid.gov/resource/adw3-zvd2.csv
Virginia,2019,https://data.medicaid.gov/resource/vg4t-ec36.csv
Washington,2019,https://data.medicaid.gov/resource/tb7f-ctgk.csv
West Virginia,2019,https://data.medicaid.gov/resource/e2cv-vaeg.csv
Wisconsin,2019,https://data.medicaid.gov/resource/h9r5-hbvg.csv
Wyoming,2019,https://data.medicaid.gov/resource/3meh-xy4i.csv
Alabama,2020,https://data.medicaid.gov/resource/n592-5yk6.csv
Alaska,2020,https://data.medicaid.gov/resource/u3tj-imvc.csv
Arizona,2020,https://data.medicaid.gov/resource/i6xa-2naf.csv
Arkansas,2020,https://data.medicaid.gov/resource/y52t-xh27.csv
California,2020,https://data.medicaid.gov/resource/hqea-wey7.csv
Colorado,2020,https://data.medicaid.gov/resource/y3d5-dmpi.csv
Connecticut,2020,https://data.medicaid.gov/resource/sdhd-pr2x.csv
Delaware,2020,https://data.medicaid.gov/resource/jyck-9zgk.csv
District of Columbia,2020,https://data.medicaid.gov/resource/5mwq-c7uh.csv
Florida,2020,https://data.medicaid.gov/resource/k3v6-ecaf.csv
Georgia,2020,https://data.medicaid.gov/resource/f6z7-iwkg.csv
Hawaii,2020,https://data.medicaid.gov/resource/ukd2-5aei.csv
Idaho,2020,https://data.medicaid.gov/resource/s2dj-42z3.csv
Illinois,2020,https://data.medicaid.gov/resource/6e5c-ez7r.csv
Indiana,2020,https://data.medicaid.gov/resource/x2zr-8j3b.csv
Iowa,2020,https://data.medicaid.gov/resource/gksb-4ath.csv
Kansas,2020,https://data.medicaid.gov/resource/q7qb-ujr9.csv
Kentucky,2020,https://data.medicaid.gov/resource/yuuq-gv5v.csv
Louisiana,2020,https://data.medicaid.gov/resource/ix86-vg3p.csv
Maine,2020,https://data.medicaid.gov/resource/epya-vdq5.csv
Maryland,2020,https://data.medicaid.gov/resource/5jvs-99da.csv
Massachusetts,2020,https://data.medicaid.gov/resource/a3sk-w9ep.csv
Michigan,2020,https://data.medicaid.gov/resource/yjhc-jr9s.csv
Minnesota,2020,https://data.medicaid.gov/resource/hb62-hcjs.csv
Mississippi,2020,https://data.medicaid.gov/resource/8atp-esjr.csv
Missouri,2020,https://data.medicaid.gov/resource/d9m8-txc9.csv
Montana,2020,https://data.medicaid.gov/resource/6bck-peqz.csv
National Total,2020,https://data.medicaid.gov/resource/y9i9-8pq3.csv
Nebraska,2020,https://data.medicaid.gov/resource/jmgj-5zus.csv
Nevada,2020,https://data.medicaid.gov/resource/ediv-mup9.csv
New Hampshire,2020,https://data.medicaid.gov/resource/62f6-wf96.csv
New Jersey,2020,https://data.medicaid.gov/resource/9ucz-bhsd.csv
New Mexico,2020,https://data.medicaid.gov/resource/dkek-m7wm.csv
New York,2020,https://data.medicaid.gov/resource/6esk-t8vy.csv
North Carolina,2020,https://data.medicaid.gov/resource/dwad-rakt.csv
North Dakota,2020,https://data.medicaid.gov/resource/4s64-x4vk.csv
Ohio,2020,https://data.medicaid.gov/resource/5a7b-mnw2.csv
Oklahoma,2020,https://data.medicaid.gov/resource/hx65-ww84.csv
Oregon,2020,https://data.medicaid.gov/resource/2gux-tjvx.csv
Pennsylvania,2020,https://data.medicaid.gov/resource/aak7-mir5.csv
Rhode Island,2020,https://data.medicaid.gov/resource/7bq8-n6cd.csv
South Carolina,2020,https://data.medicaid.gov/resource/wp2r-j954.csv
South Dakota,2020,https://data.medicaid.gov/resource/y4pi-xmcp.csv
Tennessee,2020,https://data.medicaid.gov/resource/xfm6-6ij5.csv
Texas,2020,https://data.medicaid.gov/resource/hs32-q4ag.csv
Utah,2020,https://data.medicaid.gov/resource/5yyp-3qnp.csv
Vermont,2020,https://data.medicaid.gov/resource/mj3m-9y6i.csv
Virginia,2020,https://data.medicaid.gov/resource/jwfj-fifq.csv
Washington,2020,https://data.medicaid.gov/resource/cmf4-vm42.csv
West Virginia,2020,https://data.medicaid.gov/resource/n75n-fuf8.csv
Wisconsin,2020,https://data.medicaid.gov/resource/hs7wg-bzb5.csv
Wyoming,2020,https://data.medicaid.gov/resource/6w6i-8s33.csv
